

SET SQL_MODE = "NO_AUTO_VALUE_ON_ZERO";
SET AUTOCOMMIT = 0;
START TRANSACTION;
SET time_zone = "+00:00";

CREATE TABLE `admin` (
  `id` int(11) NOT NULL,
  `name` varchar(100) DEFAULT NULL,
  `address` varchar(100) DEFAULT NULL,
  `email` varchar(100) DEFAULT NULL,
  `password` varchar(50) DEFAULT NULL,
  `phone` char(15) DEFAULT NULL,
  `status` tinyint(4) DEFAULT '1',
  `token` varchar(50) DEFAULT NULL,
  `level` tinyint(4) DEFAULT '1',
  `avatar` varchar(100) DEFAULT NULL,
  `created_at` timestamp NULL DEFAULT NULL,
  `updated_at` timestamp NULL DEFAULT NULL ON UPDATE CURRENT_TIMESTAMP
) ENGINE=InnoDB DEFAULT CHARSET=utf8;

INSERT INTO `admin` (`id`, `name`, `address`, `email`, `password`, `phone`, `status`, `token`, `level`, `avatar`, `created_at`, `updated_at`) VALUES
(1, 'admin', 'TPHCM', 'vivinguyen121098@gmail.com', '25d55ad283aa400af464c76d713c07ad', '0926758649', 1, NULL, 1, NULL, NULL, '2019-05-19 04:14:25'),


CREATE TABLE `category` (
  `id` int(11) NOT NULL,
  `name` varchar(100) DEFAULT NULL,
  `slug` varchar(100) DEFAULT NULL,
  `image` varchar(100) DEFAULT NULL,
  `banner` varchar(100) DEFAULT NULL,
  `home` tinyint(4) DEFAULT '0',
  `status` tinyint(4) DEFAULT '1',
  `created_at` timestamp NULL DEFAULT CURRENT_TIMESTAMP,
  `updated_at` timestamp NULL DEFAULT CURRENT_TIMESTAMP ON UPDATE CURRENT_TIMESTAMP
) ENGINE=InnoDB DEFAULT CHARSET=utf8;



INSERT INTO `category` (`id`, `name`, `slug`, `image`, `banner`, `home`, `status`, `created_at`, `updated_at`) VALUES
(1, 'Quần Nữ', 'quan-nu', NULL, NULL, 1, 1, '2019-04-29 01:43:17', '2019-05-20 09:56:54'),
(2, 'Áo Nữ', 'ao-nu', NULL, NULL, 1, 1, '2019-04-29 01:43:27', '2019-05-20 09:56:56'),
(3, 'Giày Nữ', 'giay-nu', NULL, NULL, 1, 1, '2019-04-29 01:43:36', '2019-05-20 09:57:01'),
(4, 'Đầm nữ', 'vi-da-nu', NULL, NULL, 1, 1, '2019-04-29 02:11:25', '2019-05-20 09:57:02'),
(5, 'Váy nữ', 'Vay-nu', NULL, NULL, 1, 1, '2019-04-29 01:43:45', '2019-05-20 09:57:03'),
(6, 'Ví Và Túi Xách  ', 'tui-xach-thoi-trang', NULL, NULL, 1, 1, '2019-04-29 02:14:04', '2019-05-20 09:57:04'),
(7, 'Phụ Kiện Nữ', 'phu-kien-nu', NULL, NULL, 1, 1, '2019-04-29 02:14:27', '2019-05-20 09:57:05');

CREATE TABLE `chuyenmuc` (
  `id` int(20) NOT NULL,
  `name` varchar(150) COLLATE utf8_unicode_ci DEFAULT NULL,
  `slug` varchar(100) COLLATE utf8_unicode_ci DEFAULT NULL,
  `home` tinyint(4) NOT NULL,
  `status` tinyint(4) NOT NULL DEFAULT '1'
) ENGINE=InnoDB DEFAULT CHARSET=utf8 COLLATE=utf8_unicode_ci;


INSERT INTO `chuyenmuc` (`id`, `name`, `slug`, `home`, `status`) VALUES
(1, 'Tin Tức', 'tin-tuc', 0, 1),
(2, 'Dịch vụ', 'dich-vu', 0, 1),
(3, 'Hướng Dẫn Mua Hang', 'huong-dan', 0, 1);

CREATE TABLE `orders` (
  `id` int(11) NOT NULL,
  `transaction_id` int(11) DEFAULT NULL,
  `product_id` int(11) DEFAULT NULL,
  `qty` int(11) DEFAULT NULL,
  `price` int(11) DEFAULT NULL,
  `created_at` timestamp NULL DEFAULT NULL,
  `updated_at` timestamp NULL DEFAULT NULL ON UPDATE CURRENT_TIMESTAMP
) ENGINE=InnoDB DEFAULT CHARSET=utf8;

INSERT INTO `orders` (`id`, `transaction_id`, `product_id`, `qty`, `price`, `created_at`, `updated_at`) VALUES
(9, 8, 32, 1, 315000, NULL, NULL),
(10, 9, 42, 1, 5080000, NULL, NULL),
(11, 10, 33, 1, 215000, NULL, NULL),
(12, 10, 48, 1, 500000, NULL, NULL),
(13, 11, 52, 3, 150000, NULL, NULL),
(14, 12, 36, 2, 150000, NULL, NULL);


CREATE TABLE `product` (
  `id` int(11) NOT NULL,
  `name` varchar(100) DEFAULT NULL,
  `slug` varchar(100) DEFAULT NULL,
  `price` int(11) DEFAULT NULL,
  `sale` tinyint(4) DEFAULT '0',
  `thunbar` varchar(100) DEFAULT NULL,
  `category_id` int(11) DEFAULT NULL,
  `content` text,
  `number` int(11) NOT NULL DEFAULT '0',
  `head` int(11) DEFAULT '0',
  `view` int(11) DEFAULT '0',
  `hot` tinyint(4) DEFAULT '0',
  `pay` int(11) DEFAULT '0',
  `created_at` timestamp NULL DEFAULT NULL,
  `updated_at` timestamp NULL DEFAULT NULL ON UPDATE CURRENT_TIMESTAMP,
  `info` text
) ENGINE=InnoDB DEFAULT CHARSET=utf8;


INSERT INTO `product` (`id`, `name`, `slug`, `price`, `sale`, `thunbar`, `category_id`, `content`, `number`, `head`, `view`, `hot`, `pay`, `created_at`, `updated_at`, `info`) VALUES
(30, 'Quần Jean Thun Thêu Bông Hồng Tím', 'quan-jean-thun-theu-bong-hong-tim', 150000, 5, 'quan-jean.jpeg', 1, '<p>Form ôm co giãn nhưng vẫn tạo cảm giác thoải mái khi mặc.</p>\r\n\r\n<p>Chất liệu cao cấp, mềm mại và thấm hút mồ hôi tốt.</p>\r\n\r\n<p>Form quần ôm tôn dáng, giúp bạn khoe vóc dáng quyến rũ hơn.</p>\r\n\r\n<p>Lưng quần cao vừa giúp che khuyết điểm tốt</p>\r\n', 100, 0, 0, 0, 0, NULL, '2019-05-19 04:14:05', '<p>Phù hợp với mọi phong cách</p>\r\n'),
(32, 'Quần Tây Nữ Thái Hòa- Nâu cafe sữa', 'quan-tay-nu-thai-hoa-nau-cafe-sua', 350000, 10, 'quan-tay-nu-thai-hoa-nau-cafe-sua.jpg', 1, '<p><strong>Thông tin chi tiết: </strong></br>\r\n<strong>Quần Tây Nữ Thái Hòa- Nâu cafe sữa </strong> </br>\r\n- Màu sắc:  Màu Nâu Cà phê Sữa.</br>\r\n- Chất liệu: Vải Âu phục, không co giãn, độ dày vừa phải, vải mịn và không nhăn, không đổ lông, không bay màu.</br>\r\n- Bảng eo có 5 đỉa, nút cài và dây kéo giữa, có 2 túi xéo bên hông và có túi giả trang trí phía sau quần.</p>', 100, 0, 0, 0, 0, NULL, '2019-05-17 12:10:02', '<p></p>\r\n'),
(33, 'Quần dài nữ Baggy Jogger sọc caro hàn quốc', 'quan-dai-baggy-jogger', 215000, 0, 'quan-dai-baggy-jogger.jpg', 1, '<p><strong>Quần dài nữ Baggy Jogger sọc caro hàn quốc</strong></br>\r\nQuần baggy nữ ca rô lật lai có thiết kế lưng thun, phối dây rút cá tính và tiện lợi khi sử dụng . Nhấn nhá vải caroấn tượng phù hợp với xu hướng thời trang nổi bật của năm, tạo phong cách sành điệu cho người mặc. Thiết kế dạng quần baggy, lật lai, túi ẩncá tính cho các nàng thêm nét thu hút, thời trang, tạo vẻ năng động hoạt bát. Chất liệu vải bố không co giãn, thấm hút tốt giúp bạn yên tâm về chất lượng sản phẩm. Có thể phối cùng áo croptop hoặc áo sơ mi kiểu thời trang khi đi chơi, du lịch hoặc đi làm.</p>\r\n\r\n', 100, 0, 0, 0, 4, NULL, '2019-05-13 08:59:45', '<ul>\r\n	<li><span style=\"color:#cc0000\"><strong>- Khuyên mãi Iphone X khi mua quần .</strong></span></li>\r\n	<li><span style=\"color:#cc0000\"><strong>- Tặng Vé máy bay đi Hawai</strong></span></li>\r\n	<li><span style=\"color:#cc0000\"><strong>- Khuyến mãi 90% giá rẻ .</strong></span></li>\r\n</ul>\r\n'),
(34, 'Áo vest nữ đẹp áo vest kiểu hàn đẹp kiểu hàn quốc', 'ao-vest-nu-han-quoc', 560000, 0, 'vest.jpg', 2, '<strong>Áo vest nữ đẹp áo vest kiểu hàn đẹp kiểu hàn quốc</strong></br>\r\n- Chất liệu: Vải Âu cao cấp, có độ co giãn nhẹ</br>\r\n- Màu sắc: Xanh dương đậm</br>\r\n- Kiểu dáng: Vest 2 nút, form slimfit', 100, 0, 0, 0, 0, NULL, '2019-05-13 08:59:48', NULL),
(35, 'Áo Voan Tay Dài Cổ Chữ V Dây Tianji Store', 'ao-voan-tay-dai', 456000, 30, 'ao-voan-tay-dai.jpg', 2, '<strong>Thông tin sản phẩm:</strong></br>\r\nChất liệu:Polyester</br>\r\nMùa giải:Mùa xuân Và Mùa Thu</br>\r\nDịp sử dụng:Hàng ngày, Thường Ngày</br>\r\nTrang trí:Appliques</br>\r\nChiều Dài áo:Thông thường</br>\r\nPhong cách:Đơn giản, Thời Trang</br>\r\nLoại hoa văn:Không</br>\r\nChiều Dài tay áo:Tay dài</br>\r\nCổ áo: CổCổ chữ V</br>\r\nKiểu tay áo:Thông thường', 100, 0, 0, 0, 0, NULL, '2019-05-17 12:10:17', NULL),
(36, 'Áo Sơ Mi Cổ Vest Phối Màu Trắng Đen', 'ao-somi-trang-den', 150000, 0, 'ao-somi-trang-den.Jpeg', 2, '<strong>Áo Sơ Mi Cổ Vest Phối Màu Trắng Đen</strong></br>\r\n- Chất liệu: KATE CAO CẤP</br>\r\n- Chất vải mềm, thoáng mát, bền màu</br>\r\n- Kiểu dáng thời trang, hiện đại; dễ kết hợp và phối đồ phụ kiện', 100, 0, 0, 0, 0, NULL, '2019-05-13 08:59:57', NULL),
(37, 'Áo Sơ Mi Caro Phối Nơ ULZZANG', 'ao-somi-caro', 250000, 0, 'ao-somi.jpeg', 2, '<strong>Thông tin sản phẩm:</strong></br>\r\n- Chất liệu: kate thường</br>\r\n- Kích cỡ: Free Size dưới 52kg</br>\r\n- Kiểu dáng xinh xắn, thích hợp mặc đi chơi, dạo phố v.v..</br>\r\n', 100, 0, 0, 0, 0, NULL, '2019-05-13 09:00:06', NULL),
(38, 'Áo Khoác Kaki Nữ Phối Màu ', 'ao-khoac-kaki', 350000, 0, 'ao-khoac-kaki.jpg', 2, '<strong>Thông tin sản phẩm:</strong></br>\r\n-Chất liệu vải kaki 2 lớp nhưng lại rất thoáng mát cho bạn thoải mái sử dụng với khí hậu oi bức.</br>\r\n-Áo được làm từ loại vải kaki nên áo cực bền màu.</br>\r\n-Vừa có khả năng chống nắng, vừa giữ nhiệt cho cơ thể trong những ngày trời lạnh.</br>\r\n-Kiểu dáng đơn giản, phù hợp với tất cả mọi người.</br>\r\n-Thích hợp với nhiều phong cách khác nhau', 100, 0, 0, 0, 0, NULL, '2019-05-13 09:00:15', NULL),
(39, 'Áo Thun Thuỷ Thủ Buôc Dây', 'ao-thun-dai-tay', 150000, 0, 'ao-thun-dai-tay-1.jpeg', 2, '<strong>Thông tin sản phẩm:</strong></br>\r\n-Thiết kế trẻ trung; đáng yêu</br>\r\n-Dễ phối quần áo</br>\r\n-Chất liệu cotton bền; chất lượng cao</br>\r\n-One size</br>\r\n-Kiểu cổ áo sơ mi:Cổ tròn</br>', 100, 0, 0, 0, 0, NULL, '2019-05-13 09:00:22', NULL),
(40, 'Giày Thể Thao Nữ Salomon', 'giay-the-thao', 4860000, 0, 'giay-the-thao.jpg', 3, 'Được tạo ra trong quá trình hợp tác giữa Francois D’haene và phòng Lab của Salomon. Sự tuyệt hảo của S-LAB Ultra đã được Francois D’haene chứng minh bằng chức vô địch UTMB 2017.</br>\r\nĐây lần thứ 3 FRANCOIS D’HAENE lên ngôi vô địch ở giải này MB và cân bằng số lần vô địch UTMB với người đồng đội Kilian Jornet, người đại diện của dòng Salomon S-LAB Sense.</br>\r\nNhư các bạn đã thấy ở giải UTMB, Francois D’haene là một chàng trai cao to do đó khi chạy cự li ultra và đặc biệt là ở giải UTMB, Francois D’haene cần đôi giày có độ êm ái và hỗ trợ nhiều hơn khi về cuối của chặng đua. S-LAB ULTRA đáp ứng tất cả những yêu cầu đó, êm ái, hỗ trợ nhiều và trọng lượng ở mức vừa phải, độ nảy cao để giúp các runner tăng tốc.</br>\r\nS-LAB Ultra có một hệ thống Sensifit đặc biệt, đó chính là 4 dải vật liệu ở 2 bên thân giày kết hợp với dây Quick Lace giúp đôi giày ôm sát bàn chân khi các vận động viên đua tốc độ nhưng lại có sự linh hoạt đặc biệt cần thiết khi mà bàn chân nở to và mệt mỏi ở đoạn cuối của cự ly ultra.</br>\r\nThông số căn bản: Trọng lượng: 300g size 8.5 UK (đây là mẫu giày Unisex) Stack Height: 18mm forefoot /28mm heel, 6mm drop', 100, 0, 0, 0, 0, NULL, '2019-05-19 06:25:02', 'Chất liệu cao cấp mềm mại, gia cố chống trầy xước</br>\r\n\r\nĐế giày êm mềm từ mũi tới gót</br>\r\n\r\nGai đế chống trơn trên hầu hết các địa hình</br>\r\n\r\nDây rút kéo Quicklace bền bĩ và thời trang</br>\r\n\r\nThiết kế thời trang đặc trưng bởi Francois D\'haene'),
(41, 'Giày Boot Nữ Da Lộn Khóa Kéo, Khuy Cài Cổ', 'giay-boot', 1000000, 0, 'giay-boot.jpg', 3, 'Là loại giày bốt đang được phái đẹp rất ưa chuộng bởi tính thời trang và dễ kết hợp trang phục. ​​​​​​Giày được thiết kế khóa kéo bên hông, tiện lợi cho việc đi và tháo giày. Chất liệu da lộn mềm mại, sờ mướt tay. Gót giày cao giúp tôn dáng phái đẹp lên 7cm, cùng thiết kế chống trơn, trượt an toàn. Dễ dàng phối hợp nhiều loại trang phục, nên có thể mang đi làm, đi chơi, shopping, dự tiệc, đi học....', 100, 0, 0, 0, 0, NULL, '2019-05-19 06:27:34', 'Là loại giày bốt đang được phái đẹp rất ưa chuộng bởi tính thời trang và dễ kết hợp trang phục.</br>\r\n\r\n​​​​​​Giày được thiết kế khóa kéo bên hông, tiện lợi cho việc đi và tháo giày.</br>\r\n\r\nChất liệu da lộn mềm mại, sờ mướt tay.\r\n</br>\r\nGót giày cao giúp tôn dáng phái đẹp lên 7cm, cùng thiết kế chống trơn, trượt an toàn.\r\n</br>\r\nDễ dàng phối hợp nhiều loại trang phục, nên có thể mang đi làm, đi chơi, shopping, dự tiệc, đi học....'),
(42, 'Giày Cao Gót Nữ Gino Rossi - Đen', 'giay-cao-got', 5080000, 0, 'giay-cao-got.jpg', 3, 'Giày Cao Gót Nữ Gino Rossi - Đen được sản xuất từ da bò Ý cao cấp mang lại sự thanh lịch, quý phái cho phái đẹp.\r\nĐế giày đàn hồi tạo cảm giác êm ái, thoải mái cho bạn nữ.</br>\r\nKiểu dáng sang trọng, phù hợp cho, bữa dạ tiệc mang lại nét quyến rũ cho bạn nữ.</br>\r\nĐường may tỉ mỉ, chắc chắn, bền chắc theo thời gian.</br>\r\nPhù hợp với xu hướng thời trang và mang lại cảm giác dễ chịu nhất cho đôi chân.', 120, 0, 0, 0, 0, NULL, '2019-05-19 06:31:49', 'Được sản xuất từ da bò Ý</br>\r\n\r\nĐế giày đàn hồi tạo cảm giác êm ái\r\n</br>\r\nKiểu dáng sang trọng</br>\r\n\r\nĐường may tỉ mỉ, chắc chắn'),
(43, 'GIÀY BOOT TĂNG CHIỀU', 'giay-boot-tang-chieu', 130000, 0, 'giay-boot-tang-chieu-cao-den-g123-8562-slide-1.jpg', 3, 'Giày Boot Tăng Chiều Cao Đen G130 với đường nét thiết kế đẹp mắt kết hợp màu đen mờ sang trọng. Tính năng đặc biệt của sản phẩm là giúp tăng chiều cao của người dùng lên đến 5-6cm một cách tự nhiên và thoải mái. Thiết kế theo form Giày Boot cá tính, bụi bặm, ôm chân vừa phải với dây cột rất tiện lợi. Chất liệu 100% da bò thật, êm mềm và rất bền, đồng hành cùng bạn trên những chặng đường ', 1200, 0, 0, 0, 0, NULL, '2019-05-13 09:02:48', NULL),
(44, 'BOOT TĂNG CHIỀU CAO NÂU ', 'boot-tang-chieu-cao-nau', 500000, 10, 'giay-boot-tang-chieu-cao-mau-den-g166-9117-slide-products-59ccc0459e8b0.jpg', 3, 'BOOT TĂNG CHIỀU CAO NÂU ', 100, 0, 0, 0, 0, NULL, '2019-05-14 12:47:10', NULL),
(45, 'MẮT KÍNH ĐEN MK261', 'mat-kinh-den-mk261', 250000, 0, 'mat-kinh-do-mk260-10059-slide-products-5b84ee569b5e5.jpg', 7, 'Mắt Kính Đen MK261 kiểu dáng thời trang, sang trọng, gọng nhẹ không gây áp lực cho mũi và tai, rất thoải mái khi đeo. Thích hợp cả nam và nữ khi đi chơi, dạo phố, du lịch hay chụp ảnh.', 100, 0, 0, 0, 0, NULL, '2019-05-13 09:03:01', NULL),
(46, 'NÓN ĐEN N382', 'non-den-n382', 50000, 0, 'non-den-n382-9236-slide-products-59eeaeb96750c.jpg', 7, 'NÓN ĐEN N382', 123, 0, 0, 0, 0, NULL, '2019-05-13 09:03:08', NULL),
(47, 'NÓN TRẮNG N374', 'non-trang-n374', 100000, 0, 'non-trang-n374-9225-slide-products-59eea43e8c50d.jpg', 7, 'Điểm nổi bật:\r\nNón Lưỡi Trai Trắng N374 thiết kế kiểu dáng thể thao năng động. May từ chất liệu kaki dày dặn, bền, thoáng khí, không phai màu, dễ giặt và dễ bảo quản. Nón có thể điều chỉnh kích thước tùy theo nhu cầu sử dụng. Có thể dùng cho cả nam và nữ.', 100, 0, 0, 0, 0, NULL, '2019-05-13 09:06:02', NULL),
(48, 'TÚI XÁCH ĐEN TX112', 'tui-xach-den-tx112', 500000, 0, 'tui-xach-mau-bo-tx111-9596-slide-products-5abdf14cba4a4.jpg', 6, 'Điểm nổi bật:\r\nTúi Xách Đen TX112 kiểu dáng sang trọng, chất da bền đẹp, chắc chắn và rất đáng để bạn mua sắm. Túi tuy nhỏ gọn nhưng lại đựng được rất nhiều vật dụng cần thiết cho bạn khi ra ngoài. Góp phần tạo nên tác phong nhanh gọn và tính cẩn thận cho bạn.', 0, 0, 0, 0, 0, NULL, '2019-05-13 09:05:56', NULL),
(49, 'VÍ DA NÂU BV211', 'vi-da-nau-bv211', 350000, 0, 'vi-da-nau-bv210-10022-slide-products-5b83b61ed867c.jpg', 6, 'Điểm nổi bật:\r\nVí Da Nâu BV211 chất liệu da bò mềm cao cấp, chắc chắn, cùng nhiều ngăn bên trong giúp bảo quản tốt tiền bạc, giấy tờ, thẻ atm, ảnh kỷ niệm. Thiết kế kiểu dáng đứng gọn nhẹ dễ dàng cho vào túi quần, túi áo.', 100, 0, 0, 0, 0, NULL, '2019-05-13 09:05:42', NULL),
(50, 'Áo Sơ Mi Nữ Vintage Dịu Dàng', 'ao-somi-vintage', 995000, 20, 'ao-somi-vintage.jpg', 2, '<strong>Thông tin sản phẩm:</strong></br>\r\n-Thiết kế với nhiều điểm nhấn nhẹ nhàng, giúp người mặc thêm phần nổi bật và tự tin.</br>\r\n-Kiểu dáng thời trang tinh tế kết hợp những đường may tinh xảo, tạo nên gu thời trang sành điệu cho phái đẹp.</br>\r\n-Bạn gái có thể chọn thêm cho mình đôi giày cao gót để tham dự các buổi tiệc sang trọng hay đôi búp bê duyên dáng để dạo phố cùng bạn bè.', 0, 0, 0, 0, 0, NULL, '2019-05-14 12:41:30', 'Thoáng mát mang đến sự thoải mái nhất cho người mặc.</br>\r\nThiết kế đơn giản, trẻ trung nhưng không kém phần thanh lịch.</br> \r\nMàu sắc trung tính cùng họa tiết tinh tế, cho bạn gái dễ kết hợp cùng nhiều phụ kiện khác nhau.'),
(51, 'Quần Khóa Đeo 2 Mặt Dây Nữ Macaron Xanh', 'quan-khoa-deo', 492000, 0, 'quan-khoa-deo-1.jpg', 1, 'Loại sản phẩm: Quần short</br>\r\nChất liệu: Bông</br>\r\nPhong cách: giản dị</br>\r\nTrang trí: Tua, Lỗ, Cung, Nút</br>\r\nLoại eo: Cao</br>\r\nLoại vừa vặn: Lỏng</br>\r\nThành phần vật liệu: Cotton denim</br>\r\nThương hiệu: CBUCYI</br>\r\nMàu sắc: Màu xanh như hình ảnh</br>\r\nPhong cách: Thời trang Châu Âu và Châu Mỹ', 123, 0, 0, 0, 0, NULL, '2019-05-13 09:00:38', NULL),
(52, 'Chân Váy Suông Đắp Tà Xéo Phối Nơ', 'chan-vay-suong', 150000, 0, 'chan-vay-suong.jpg', 5, 'Chân Váy Suông Đắp Tà Xéo Phối Nơ được may từ chất liệu vải bền đẹp, bề mặt vải mềm mát, đường chỉ may tỉ mỉ, tinh tế. Sản phẩm được thiết kế với màu sắc ngọt ngào mang đến cho phái đẹp nét nữ tính, duyên dáng.</br>\r\nSở hữu tông màu tươi sáng, trẻ trung cùng kiểu dáng đơn giản, trang nhã, thích hợp cho những buổi tiệc nhẹ, đi dạo phố hay sử dụng trong môi trường công sở.</br>\r\nĐược làm từ chất liệu vải cao cấp, mềm mại, mỏng, nhẹ, thoáng khí, không gây bí nóng cho người mặc, giúp người mặc dễ chịu, thư giãn. </br>\r\nSản phẩm có form chuẩn, nịnh dáng người mặc, góp phần tôn lên nét đằm thắm, nữ tính của người phụ nữ.', 100, 0, 0, 0, 0, NULL, '2019-05-19 06:13:37', 'Chân váy suông đắp tà xéo phối nơ</br>\r\n\r\nChất liệu mềm mại, thoáng mát</br>\r\n\r\nĐường may tỉ mỉ, tinh tế</br>\r\n\r\nThích hợp diện đi chơi, đi tiệc'),
(53, 'Chân váy maxi ren hoa 3D BERI', 'chan-vay-maxi-ren', 350000, 0, 'chan-vay-maxi-ren.jpg', 5, '\r\nVáy dài (maxi) là một trong những kiểu dáng thời trang “gây nghiện” cho phái nữ, với sức nóng chưa bao giờ giảm. Phái nữ yêu thích váy dài như một điều hiển nhiên, bởi sự thướt tha, lãng mạn và đậm chất nữ tính, thì Chân váy maxi ren hoa 3D BERI sẽ là sự lựa chọn hoàn hảo trong mọi sự kiện, làm nổi bật nét cuốn hút đầy quyến rũ của item này. </br>\r\n\r\nLoại váy này luôn “fit” với đa số các loại áo và phụ kiện nên thật dễ hiểu khi nó trở thành một item “must-have” luôn hiện diện trong tủ đồ các nàng. Khi không biết phải mặc gì, chỉ cần một chiếc chân váy dài maxi với áo thun, áo sơ mi, áo hai dây, áo top crop tùy theo tính cách của bạn, vậy đã là hoàn hảo để ra ngoài rồi\r\n\r\nChân váy dài maxi ren hoa 3D BERI được thiết kế vải ren hoa 3D cao cấp, được thêu tỉ mỉ từng họa tiết nhỏ, kèm lót trong cao cấp mềm mịn, thoáng mát, với gam màu nhẹ nhàng tôn lên nét tiểu thư, kiêu sa và sang trọng, kết hợp các đường may tỉ mỉ đến từng đường kim mũi chỉ càng làm tăng thêm vẻ đẹp hoàn mỹ của chân váy đảm bảo ai nhìn cũng yêu ngay thôi …</br>\r\n\r\n  \r\n\r\nĐiều làm nên sức hút của chân váy dài maxi là làm nổi bật nét nữ tính của người mặc thường được thiết kế trên những loại vải chất liệu mềm mại, vì vậy mà nó rất được lòng phái đẹp, phù hợp dạo phố cùng bạn bè hay những ngày đến công sở. Bạn còn chần chừ gì nữa hãy sắm ngay chân váy hot trend này để \"hút hồn\" người đối diện nhé.', 150, 0, 0, 0, 0, NULL, '2019-05-19 06:13:55', 'KIỂU DÁNG THIẾT KẾ: Chân váy dài maxi</br>\r\n\r\nCHẤT LIỆU: Ren hoa 3D cao cấp</br>\r\n\r\nSIZE CHÂN VÁY: Free size'),
(56, 'Đầm Xòe 2 Dây Đuôi ', 'dam-xoe', 250000, 0, 'dam-xoe.jpg', 4, 'Đầm Xòe 2 dây đuôi sẽ giúp các chị thêm quyến rũ và xinh đẹp hơn</br>\r\n\r\nĐầm chất liệu lưới phi mềm nhẹ và thoáng mát\r\n', 0, 0, 0, 0, 0, NULL, NULL, 'Phù hợp đi dự tiệc, dạ hội.\r\n\r\n');


CREATE TABLE `tintuc` (
  `id` int(100) NOT NULL,
  `name` varchar(150) COLLATE utf8_unicode_ci DEFAULT NULL,
  `slug` varchar(100) COLLATE utf8_unicode_ci DEFAULT NULL,
  `content` text COLLATE utf8_unicode_ci,
  `chuyenmuc_id` int(20) DEFAULT NULL,
  `thunbar` varchar(100) COLLATE utf8_unicode_ci DEFAULT NULL,
  `view` int(11) DEFAULT '10'
) ENGINE=InnoDB DEFAULT CHARSET=utf8 COLLATE=utf8_unicode_ci;


INSERT INTO `tintuc` (`id`, `name`, `slug`, `content`, `chuyenmuc_id`, `thunbar`, `view`) VALUES
(2, 'Thiếu hụt nhân lực công nghệ thông tin ở mức báo động đỏ', 'thieu-hut-nhan-luc-cong-nghe-thong-tin-o-muc-bao-dong-do', '<p>- Thiếu hụt nguồn nh&acirc;n lực CNTT kh&ocirc;ng phải l&agrave; vấn đề mới, nhưng t&igrave;nh trạng n&agrave;y đ&atilde; l&ecirc;n mức b&aacute;o động đỏ. Từ nay đến năm 2020, Việt Nam sẽ thiếu 400.000 nh&acirc;n lực l&agrave;m CNTT, tức l&agrave; mỗi năm Việt Nam thiếu 80.000 người. Trong khi đ&oacute;, mỗi năm thị trường chỉ cung cấp 32.000 sinh vi&ecirc;n tốt nghiệp CNTT v&agrave; c&aacute;c ng&agrave;nh c&oacute; li&ecirc;n quan đến CNTT. Tuy nhi&ecirc;n, số c&oacute; thể đ&aacute;p ứng được nhu cầu của doanh nghiệp kh&ocirc;ng nhiều, nhất l&agrave; những người c&oacute; khả năng l&agrave;m việc tại nước ngo&agrave;i.</p>\r\n\r\n<p>Việt Nam c&oacute; h&agrave;ng ngh&igrave;n doanh nghiệp CNTT, nhưng chỉ ri&ecirc;ng FPT đ&atilde; c&oacute; nhu cầu tuyển cạn kiệt nguồn cung. Để đ&aacute;p ứng quy m&ocirc; ph&aacute;t triển 30.000 người v&agrave;o năm 2020, FPT Software đ&atilde; phải sang Philippines, Myanmar&hellip; để tuyển nh&acirc;n lực. Điều n&agrave;y thật phi l&yacute;.</p>\r\n\r\n<table align=\"center\" border=\"0\" cellpadding=\"3\" cellspacing=\"0\">\r\n	<tbody>\r\n		<tr>\r\n			<td><img alt=\"DSC-2693-1432088743-1200x0.jpg\" src=\"http://m.f29.img.vnecdn.net/2015/06/29/DSC-2693-1432088743-1200x0-4149-1435593308.jpg\" /></td>\r\n		</tr>\r\n		<tr>\r\n			<td>\r\n			<p>&Ocirc;ng Trương Gia B&igrave;nh. Ảnh:&nbsp;<em>H&agrave; Dương.</em></p>\r\n			</td>\r\n		</tr>\r\n	</tbody>\r\n</table>\r\n\r\n<p><em>- Xin &ocirc;ng giải th&iacute;ch r&otilde; về điều n&agrave;y?</em></p>\r\n\r\n<p>- Đ&atilde; từ l&acirc;u ch&uacute;ng t&ocirc;i khao kh&aacute;t c&oacute; nhiều hợp đồng CNTT từ ngo&agrave;i mảnh đất h&igrave;nh chữ S, mang về c&ocirc;ng việc cho h&agrave;ng vạn thanh ni&ecirc;n v&agrave; mở mang bờ c&otilde;i tr&iacute; tuệ Việt Nam. Đến nay, mong ước ng&agrave;y n&agrave;o đ&atilde; th&agrave;nh hiện thực. C&aacute;c đơn h&agrave;ng từ Mỹ, Nhật đang về dồn dập. Nhưng buồn thay ng&agrave;nh CNTT Việt Nam lại thiếu nguồn lực để triển khai.</p>\r\n\r\n<p>Hiện tại, c&aacute;c doanh nghiệp phải săn đ&oacute;n sinh vi&ecirc;n CNTT ngay từ khi đang học năm thứ ba, thứ tư đại học, sẵn s&agrave;ng trả lương hậu hĩnh v&agrave; đưa c&aacute;c bạn ra nước ngo&agrave;i tu nghiệp. Nhu cầu tuyển dụng cũng rất rộng mở v&agrave; nhiều vị tr&iacute; thiếu nh&acirc;n lực trầm trọng như lập tr&igrave;nh di động, điện to&aacute;n đ&aacute;m m&acirc;y, quản trị mạng, chuy&ecirc;n gia bảo mật v&agrave; an ninh mạng&hellip;</p>\r\n\r\n<p>T&ocirc;i thấy rất tiếc, bởi đ&acirc;y l&agrave; cơ hội tuyệt vời cho h&agrave;ng triệu thanh ni&ecirc;n Việt Nam, nếu họ c&oacute; kh&aacute;t vọng đổi đời. T&ocirc;i nghĩ nếu c&oacute; tư duy mạch lạc v&agrave; nhiệt t&acirc;m, ai cũng c&oacute; thể l&agrave;m CNTT, ai cũng c&oacute; thể đến Tokyo, New York, Berlin&hellip; để l&agrave;m việc. Ai cũng c&oacute; thể học hỏi những c&ocirc;ng nghệ mới nhất trong xu hướng SMAC (Social, Mobility, Analytis, Cloud) v&agrave; IoT (Internet of Things). Ai cũng c&oacute; thể l&agrave;m việc với c&aacute;c c&ocirc;ng ty to&agrave;n cầu v&agrave; đi ti&ecirc;n phong c&ugrave;ng c&aacute;c tập đo&agrave;n c&ocirc;ng nghệ tr&ecirc;n thế giới. Quan trọng l&agrave; c&aacute;c bạn trẻ c&oacute; muốn biến viễn cảnh n&agrave;y th&agrave;nh sự thật hay kh&ocirc;ng.</p>\r\n\r\n<p><em>- Những bạn trẻ phải l&agrave;m thế n&agrave;o để nắm bắt cơ hội đổi đời, thưa &ocirc;ng?</em></p>\r\n\r\n<p>- T&ocirc;i tin rằng c&aacute;c bạn lập nghiệp bằng CNTT sẽ c&oacute; một lộ tr&igrave;nh c&ocirc;ng danh r&otilde; r&agrave;ng với thu nhập cao. Cụ thể, một sinh vi&ecirc;n mới ra trường sẽ nhận được mức lương từ 300-500 USD/th&aacute;ng; từ 1-3 năm kinh nghiệm mức lương sẽ l&agrave; 500-1.000 USD; 3-5 năm kinh nghiệm mức lương đạt 800 - 1.500 USD v&agrave; tr&ecirc;n 1.500 USD nếu c&oacute; từ 5-7 năm kinh nghiệm. Ngo&agrave;i ra, CNTT c&ograve;n l&agrave; con đường để đưa c&aacute;c bạn đến kh&aacute;m ph&aacute; những miền đất hứa v&agrave; c&oacute; những sản phẩm để thay đổi thế giới.</p>\r\n\r\n<p>H&atilde;y &nbsp;đổi đời bằng &nbsp;con đường &nbsp;học CNTT. Hiện nay MOOC (Massive Open Online Course - tạm dịch:&nbsp;Cổng gi&aacute;o dục trực tuyến mở đại tr&agrave;) l&agrave; một phương ph&aacute;p hiệu quả miễn ph&iacute;. MOOC ch&iacute;nh l&agrave; một h&igrave;nh thức ph&aacute;t triển của loại h&igrave;nh đ&agrave;o tạo đại học từ xa. Sự ph&aacute;t triển nhanh ch&oacute;ng của MOOC trong những năm gần đ&acirc;y đ&atilde; khiến cho việc học trở n&ecirc;n dễ d&agrave;ng cho mọi người v&agrave; ở mọi nơi.</p>\r\n\r\n<p>FPT sẵn s&agrave;ng tuyển c&aacute;c bạn đ&atilde; ho&agrave;n th&agrave;nh một số kh&oacute;a CNTT v&agrave; ngoại ngữ tr&ecirc;n MOOC, mặc d&ugrave; mới chỉ tốt nghiệp lớp 12. Tất cả chỉ c&ograve;n phụ thuộc ở c&aacute;c bạn!</p>\r\n\r\n<p><em>- Vậy về ph&iacute;a Nh&agrave; nước, &ocirc;ng cho rằng cơ quan quản l&yacute; cần phải l&agrave;m g&igrave; để giải quyết vấn đề thiếu hụt nguồn nh&acirc;n lực CNTT?</em></p>\r\n\r\n<p>- Theo t&ocirc;i, Nh&agrave; nước cần quy hoạch lại việc đ&agrave;o tạo nh&acirc;n lực CNTT từ đại học, cao đẳng cho đến nghề, l&agrave;m sao để tăng quy m&ocirc; nh&acirc;n lực mỗi năm l&ecirc;n 30% th&igrave; mới c&oacute; thể kịp đ&agrave; ph&aacute;t triển chung của ng&agrave;nh v&agrave; nắm bắt được cơ hội to lớn đang đến.</p>\r\n\r\n<p>Ch&uacute;ng t&ocirc;i cũng đề xuất Bộ Gi&aacute;o dục c&oacute; thể đưa đ&agrave;o tạo văn bằng 2 ng&agrave;nh CNTT v&agrave;o bậc đại học. Thực tế cho thấy, c&oacute; đến 40% số kỹ sư lập tr&igrave;nh tại FPT kh&ocirc;ng học CNTT m&agrave; đến từ c&aacute;c ng&agrave;nh tự nhi&ecirc;n v&agrave; chuyển đổi rất tốt. Một v&iacute; dụ kh&aacute;c m&agrave; c&ocirc;ng ty Infosys của Ấn Độ với 167.000 nh&acirc;n vi&ecirc;n nhưng 40% trong số đ&oacute; cũng phải l&agrave; d&acirc;n c&ocirc;ng nghệ. T&ocirc;i cho rằng đ&acirc;y l&agrave; một nguồn lực rất lớn m&agrave; ch&uacute;ng ta c&oacute; thể tận dụng được.</p>\r\n\r\n<p>T&ocirc;i cũng ủng hộ đề xuất của Chủ tịch FPT Software Ho&agrave;ng Nam Tiến về việc Nh&agrave; nước d&agrave;nh số tiền 12 triệu USD vốn viện trợ ODA từ Nhật Bản để đ&agrave;o tạo 1.000 kỹ sư CNTT học tiếng Nhật. Đ&acirc;y l&agrave; &yacute; tưởng hay khi Nhật Bản xem Việt Nam l&agrave; điểm đến ưa chuộng về dịch vụ ủy th&aacute;c phần mềm.</p>\r\n\r\n<table align=\"center\" border=\"1\" cellpadding=\"1\" cellspacing=\"0\">\r\n	<tbody>\r\n		<tr>\r\n			<td>\r\n			<p>Diễn đ&agrave;n cấp cao ICT Summit 2015, diễn ra ng&agrave;y 25-26/6 tại H&agrave; Nội, thu h&uacute;t tr&ecirc;n 500 đại biểu trong lĩnh vực CNTT v&agrave; c&aacute;c cơ quan, tổ chức doanh nghiệp ứng dụng CNTT từ c&aacute;c tỉnh th&agrave;nh tr&ecirc;n cả nước.</p>\r\n\r\n			<p>Chương tr&igrave;nh năm nay tập trung trao đổi, thảo luận về xu thế, chiến lược v&agrave; giải ph&aacute;p để ứng dụng hiệu quả CNTT trong quản trị c&aacute;c ng&agrave;nh, lĩnh vực của đời sống x&atilde; hội, đặc biệt l&agrave; dịch vụ c&ocirc;ng; y tế, bảo hiểm, giao th&ocirc;ng, đ&ocirc; thị v&agrave; nguồn nh&acirc;n lực CNTT.</p>\r\n\r\n			<p>Được tổ chức thường ni&ecirc;n từ năm 2011, Vietnam ICT Summit l&agrave; diễn đ&agrave;n ch&iacute;nh s&aacute;ch, c&ocirc;ng nghệ v&agrave; hợp t&aacute;c kinh doanh quan trọng của ng&agrave;nh CNTT Việt Nam.</p>\r\n			</td>\r\n		</tr>\r\n	</tbody>\r\n</table>\r\n\r\n<p><strong>Ch&acirc;u An - L&acirc;m Thao</strong></p>\r\n', 1, 'DSC-2693-1432088743-1200x0-4149-1435593308.jpg', 1112),
(3, 'Người ăn xin và kỹ năng kiếm sống', 'nguoi-an-xin-va-ky-nang-kiem-song', '<p>Anh thanh ni&ecirc;n về rất vui, gặp anh bạn h&agrave;ng x&oacute;m kể lại c&acirc;u chuyện m&igrave;nh đ&atilde; l&agrave;m được một việc thiện. Anh bạn h&agrave;ng x&oacute;m lắc đầu bảo rằng anh l&agrave;m như vậy l&agrave; kh&ocirc;ng chắc đ&atilde; tốt. &ldquo;Kh&ocirc;ng chỉ cho c&aacute;, cậu n&ecirc;n cho người ăn xin cần c&acirc;u để &ocirc;ng ta tự m&igrave;nh đi c&acirc;u kiếm sống. Kh&ocirc;ng tin, ng&agrave;y mai cậu đi qua sẽ thấy người ăn xin đ&oacute; vẫn bị cơn đ&oacute;i h&agrave;nh hạ.&rdquo;- Anh h&agrave;ng x&oacute;m n&oacute;i.</p>\r\n\r\n<p>Ng&agrave;y h&ocirc;m sau anh thanh ni&ecirc;n rủ anh bạn h&agrave;ng x&oacute;m c&ugrave;ng đi c&acirc;u. Khi trở về , quả như lời anh h&agrave;ng x&oacute;m n&oacute;i, hai người gặp lại người ăn xin đang nằm lả b&ecirc;n vệ đường. Anh thanh ni&ecirc;n lại cho người ăn xin c&aacute; v&agrave; anh h&agrave;ng x&oacute;m cho người ăn xin cần c&acirc;u. Cả hai trở về trong t&acirc;m trạng vui vẻ v&igrave; đ&atilde; l&agrave;m được việc thiện. Tr&ecirc;n đường về hai người gặp một anh bạn kh&aacute;c c&ugrave;ng x&oacute;m. Cả hai h&agrave;o hứng kể lại c&acirc;u chuyện tr&ecirc;n cho anh h&agrave;ng x&oacute;m n&agrave;y nghe. Anh h&agrave;ng x&oacute;m n&agrave;y lắc đầu n&oacute;i: &ldquo;C&aacute;c cậu l&agrave;m vậy chưa ổn. Cho người ăn xin cần c&acirc;u rồi nếu kh&ocirc;ng chỉ cho &ocirc;ng ta c&aacute;ch c&acirc;u th&igrave; &ocirc;ng ta c&acirc;u thế n&agrave;o được c&aacute;. Ng&agrave;y mai trở lại c&aacute;c cậu sẽ thấy người ăn xin vẫn bị đ&oacute;i.&rdquo;<br />\r\nNg&agrave;y h&ocirc;m sau cả ba người c&ugrave;ng đi c&acirc;u. Khi trở về, quả như lời anh h&agrave;ng x&oacute;m n&oacute;i, ba người gặp lại người ăn xin đang nằm c&ograve;ng queo, quắp chiếc cần c&acirc;u lả b&ecirc;n vệ đường. Anh thanh ni&ecirc;n lại cho người ăn xin c&aacute; v&agrave; anh h&agrave;ng x&oacute;m sửa lại cần c&acirc;u, anh bạn h&agrave;ng x&oacute;m mới giảng giải tỉ mỉ phương ph&aacute;p c&acirc;u c&aacute;, từ mắc mồi c&acirc;u đến phương ph&aacute;p c&acirc;u từng loại c&aacute;&hellip;v.v ..Thế rồi cả ba trở về trong t&acirc;m trạng đầy hưng phấn, tin chắc tư nay người ăn xin sẽ kh&ocirc;ng sợ đ&oacute;i nữa.</p>\r\n\r\n<p>Khi ba người về gặp &ocirc;ng l&atilde;o ngư trong l&agrave;ng &ndash; một người từng trải, đầy kinh nghiệm, người đ&atilde; gắn b&oacute; cả cuộc đời với nghề đi c&acirc;u, cả ba h&agrave;o hứng kể lại c&acirc;u chuyện người ăn xin. L&atilde;o ngư ngẫm nghĩ một l&aacute;t rồi lắc đầu nghi hoặc: &ldquo;C&aacute;c cậu đ&atilde; l&agrave;m đ&uacute;ng, thế nhưng l&atilde;o nghĩ chưa đủ. L&atilde;o chỉ sợ thiếu một điều c&oacute; lẽ c&ograve;n quang trọng hơn. C&aacute;c cậu chỉ cho người ăn xin c&ocirc;ng cụ, kỹ năng, phương ph&aacute;p, t&ocirc;i tin người ăn xin n&agrave;y vẫn đ&oacute;i!</p>\r\n\r\n<p>C&aacute;c cậu biết tại sao kh&ocirc;ng? L&atilde;o ngư hỏi.</p>\r\n\r\n<p>Ba thanh ni&ecirc;n ngơ ng&aacute;c, mong l&atilde;o ngư giải th&iacute;ch gi&ugrave;m.</p>\r\n\r\n<p>L&atilde;o ngư n&oacute;i:</p>\r\n\r\n<p>- Thứ nhất người ăn xin l&agrave;m nghề n&agrave;y nhiều năm, n&oacute; đ&atilde; ngấm v&agrave;o m&aacute;u của &ocirc;ng ta, v&agrave; đ&oacute; l&agrave; th&oacute;i quen của &ocirc;ng ta, trong đầu &ocirc;ng kh&ocirc;ng c&oacute; kh&aacute;i niệm tự đi kiếm miếng cơm manh &aacute;o cho m&igrave;nh, mỗi ng&agrave;y mới đến trong đầu &ocirc;ng ta chỉ c&oacute; kh&aacute;i niệm xin, xin v&agrave; xin m&agrave; th&ocirc;i, v&igrave; vậy trước ti&ecirc;n c&aacute;c con cần gi&uacute;p &ocirc;ng ta định h&igrave;nh lại suy nghĩ.</p>\r\n\r\n<p>- Thứ hai như c&aacute;c con đ&atilde; biết kh&ocirc;ng phải cứ thả mồi xuống l&agrave; đ&atilde; c&oacute; c&aacute; đ&ocirc;i khi phải kiễn nhẫn c&acirc;u cả tiếng, cả buổi&hellip;c&oacute; khi cả ng&agrave;y kh&ocirc;ng được con n&agrave;o b&agrave;i học thứ hai &ocirc;ng ta phải học đ&oacute; l&agrave; ki&ecirc;n tr&igrave;.</p>\r\n\r\n<p>- Thứ ba c&oacute; một yếu tố cực kỳ quan trọng , n&oacute; lại th&iacute;ch tại sao cả đời &ocirc;ng ta chỉ đi ăn xin, đ&oacute; ch&iacute;nh l&agrave; niềm tin của &ocirc;ng ta. Trước buổi h&ocirc;m nay v&agrave;o v&agrave;i ng&agrave;y trước l&atilde;o c&oacute; n&oacute;i chuyện với &ocirc;ng ta một l&uacute;c, l&atilde;o c&oacute; hỏi một c&acirc;u rằng: Sức lực của &ocirc;ng vẫn dồi d&agrave;o như vậy sao kh&ocirc;ng học một nghề g&igrave; đ&oacute; để kiếm sống hoặc c&oacute; thể đi c&acirc;u c&ugrave;ng t&ocirc;i?</p>\r\n\r\n<p>C&aacute;c con c&oacute; biết &ocirc;ng ta trả lời sao? &Ocirc;ng ta n&oacute;i: &ldquo;&Ocirc;ng giỏi t&ocirc;i kh&ocirc;ng theo &ocirc;ng được, t&ocirc;i sinh ra đ&atilde; mang phận ăn xin rồi, cha mẹ t&ocirc;i ng&agrave;y trước cũng l&agrave;m nghề n&agrave;y, số t&ocirc;i khổ sẵn rồi, t&ocirc;i kh&ocirc;ng l&agrave;m được c&aacute;i g&igrave; n&ecirc;n hồn cả!&rdquo;</p>\r\n\r\n<p>C&aacute;c con nghĩ sao? C&aacute;i người ăn xin n&agrave;y thiếu kh&ocirc;ng phải l&agrave; c&ocirc;ng cụ, kỹ năng hay phương ph&aacute;p m&agrave; &ocirc;ng ta thiếu th&aacute;i độ sống đ&uacute;ng đắn!</p>\r\n\r\n<p>Cả ba nghi hoặc, chưa thực sự tin lời của l&atilde;o ngư, nhưng để kiểm tra, ng&agrave;y h&ocirc;m sau nữa, ba thanh ni&ecirc;n c&ugrave;ng rủ l&atilde;o ngư đi c&acirc;u. Kh&ocirc;ng ngờ rằng, tr&ecirc;n đường về nh&agrave;, cả bốn người gặp người ăn xin ng&agrave;y nọ trở về với nghề cũ của m&igrave;nh. Ba thanh ni&ecirc;n n&agrave;i nỉ l&atilde;o ngư chỉ cho người ăn xin th&aacute;i độ sống đ&uacute;ng. L&atilde;o ngư ngần ngại: &ldquo;Th&aacute;i độ sống phải đ&agrave;o luyện thường xuy&ecirc;n nhờ sự định hướng, t&aacute;c động của gia đ&igrave;nh, nh&agrave; trường v&agrave; x&atilde; hội, kh&ocirc;ng thể ng&agrave;y một ng&agrave;y hai m&agrave; c&oacute; được, v&agrave; tự th&acirc;n r&egrave;n luyện.&quot;</p>\r\n\r\n<p>Theo UNESCO ba th&agrave;nh tố hợp th&agrave;nh năng lực của con người l&agrave;: Kiến thức, kỹ năng v&agrave; th&aacute;i độ. Hai yếu tố sau thuộc về kỹ năng sống, c&oacute; vai tr&ograve; quyết định trong việc h&igrave;nh th&agrave;nh nh&acirc;n c&aacute;ch, bản lĩnh, t&iacute;nh chuy&ecirc;n nghiệp. Trong đ&oacute; kiến thức chiếm 4%, kỹ năng chiếm 26 %, th&aacute;i độ chiếm 70%</p>\r\n\r\n<p>H&atilde;y xem vai tr&ograve; từng yếu tố, c&oacute; sự đầu tư hợp l&yacute; để ph&aacute;t huy tối đa năng lực bản th&acirc;n để th&agrave;nh c&ocirc;ng.</p>\r\n\r\n<p>(Sưu tầm)</p>\r\n', 1, '1540894777-68-ph----ng-nga-1540865385-width660height660.jpg', 513),
(4, 'H\'Hen Niê bị nhận xét thiếu tham vọng khi thi Miss Universe', 'hhen-nie-bi-nhan-xet-thieu-tham-vong-khi-thi-miss-universe', '<h2>H&#39;Hen Ni&ecirc; kh&ocirc;ng th&iacute;ch n&oacute;i dối v&igrave; tiếng &Ecirc; Đ&ecirc; kh&ocirc;ng cho ph&eacute;p.</h2>\r\n\r\n<p>&nbsp;</p>\r\n\r\n<p><img alt=\"H&amp;#39;Hen Niê bị nhận xét thiếu tham vọng khi thi Miss Universe - 1\" src=\"https://cdn.24h.com.vn/upload/4-2018/images/2018-10-30/1540897483-392-hen-nie-1540781087-width660height990.jpg\" /></p>\r\n\r\n<p>Hoa hậu H&#39;Hen Ni&ecirc; chia sẻ về c&ocirc;ng việc v&agrave; cuộc sống trước khi đi thi&nbsp;<a href=\"https://www.24h.com.vn/hoa-hau-hoan-vu-viet-nam-c78e3653.html\" title=\"Hoa hậu Hoàn vũ\">Hoa hậu Ho&agrave;n vũ</a>&nbsp;2018</p>\r\n\r\n<p>Trong tập 4 series H&#39;Hen Ni&ecirc; &ndash; Road To&nbsp;<a href=\"https://www.24h.com.vn/miss-universe-c78e3490.html\" title=\"Miss Universe\">Miss Universe</a>, hoa hậu chia sẻ tất tần tật về t&iacute;nh c&aacute;ch, c&ocirc;ng việc v&agrave; cuộc sống hiện tại của m&igrave;nh. C&ocirc; tiết lộ bản th&acirc;n l&agrave; người chỉ mạnh mẽ b&ecirc;n ngo&agrave;i, kh&ocirc;ng bao giờ n&oacute;i dối... Tuy nhi&ecirc;n, bị chuy&ecirc;n gia đ&aacute;nh gi&aacute; thiếu tham vọng khi đi thi Hoa hậu Ho&agrave;n vũ 2018.&nbsp;</p>\r\n\r\n<p><strong>H&rsquo;Hen Ni&ecirc; &ndash; B&ecirc;n ngo&agrave;i mạnh mẽ, b&ecirc;n trong yếu mềm</strong></p>\r\n\r\n<p>Lu&ocirc;n xuất hiện trước c&ocirc;ng ch&uacute;ng với h&igrave;nh ảnh t&oacute;c t&eacute;m c&aacute; t&iacute;nh&nbsp;c&ugrave;ng phong th&aacute;i khỏe khoắn, nhưng trong cuộc sống b&igrave;nh thường, H&#39;Hen Ni&ecirc; lại&nbsp;l&agrave; một c&ocirc; g&aacute;i v&ocirc; c&ugrave;ng nữ t&iacute;nh. N&oacute;i về bản th&acirc;n của 10 năm sau, hoa hậu mong muốn khi ấy m&igrave;nh l&agrave; một b&agrave; mẹ, c&oacute; một &quot;đội b&oacute;ng&quot;&nbsp;trong tổ ấm v&igrave; rất th&iacute;ch con n&iacute;t.&nbsp;Đằng sau gương mặt c&aacute; t&iacute;nh, Hen lu&ocirc;n l&agrave; một người phụ nữ nghĩ đến gia đ&igrave;nh v&agrave; hạnh ph&uacute;c lứa đ&ocirc;i b&igrave;nh dị.</p>\r\n\r\n<p><img alt=\"H&amp;#39;Hen Niê bị nhận xét thiếu tham vọng khi thi Miss Universe - 2\" src=\"https://cdn.24h.com.vn/upload/4-2018/images/2018-10-30/1540897483-847-hen-nie0-1540781997-width660height990.jpg\" /></p>\r\n\r\n<p>Hen Ni&ecirc; th&iacute;ch cuộc sống b&igrave;nh dị như bao người kh&aacute;c</p>\r\n\r\n<p><strong>H&#39;Hen Ni&ecirc; &ndash; Tiếng &Ecirc; Đ&ecirc; kh&ocirc;ng cho ph&eacute;p được n&oacute;i dối</strong></p>\r\n\r\n<p>Hoa hậu cho biết bản th&acirc;n l&agrave; c&ocirc; g&aacute;i kh&ocirc;ng c&oacute; nhiều b&iacute; mật v&agrave; kh&ocirc;ng th&iacute;ch n&oacute;i dối. V&igrave; theo tiếng &Ecirc; Đ&ecirc;, n&oacute;i dối l&agrave; điều rất đ&aacute;ng gh&eacute;t n&ecirc;n kh&ocirc;ng muốn n&oacute;i dối để tr&aacute;nh những điều kh&ocirc;ng hay, buồn phiền v&agrave;o người. Nhờ vậy m&agrave; kh&aacute;n giả được chứng kiến những m&agrave;n &quot;th&uacute; nhận&quot;&nbsp;bất ngờ từ hoa hậu H&rsquo;Hen Ni&ecirc;.</p>\r\n\r\n<p>Cụ thể, c&ocirc; chia sẻ ao ước hồi b&eacute; l&agrave; muốn giống c&aacute;c c&ocirc; b&aacute;n ve chai, cầm một cọc tiền rồi muốn mua g&igrave; th&igrave; mua. L&agrave; hoa hậu nhưng kh&ocirc;ng&nbsp;th&iacute;ch shopping bằng đi si&ecirc;u thị, mỗi khi rảnh rỗi sẽ uống caf&eacute; hoặc đọc s&aacute;ch về gi&aacute; trị con người,...</p>\r\n\r\n<p><img alt=\"H&amp;#39;Hen Niê bị nhận xét thiếu tham vọng khi thi Miss Universe - 3\" src=\"https://cdn.24h.com.vn/upload/4-2018/images/2018-10-30/1540897483-653-hen-nie50-1540783427-width660height745.jpg\" /></p>\r\n\r\n<p>Hoa hậu thừa nhận bản th&acirc;n kh&ocirc;ng bao giờ n&oacute;i dối</p>\r\n\r\n<p><strong>Kh&aacute;m ph&aacute; bản th&acirc;n bằng phương ph&aacute;p khoa học</strong></p>\r\n\r\n<p>H&#39;Hen Ni&ecirc; được MC Thanh Bạch hướng dẫn những b&iacute; quyết kiểm so&aacute;t giọng điệu, biểu cảm gương mặt khi n&oacute;i v&agrave; giải ph&oacute;ng h&igrave;nh thể&nbsp;trước đ&aacute;m đ&ocirc;ng. Từ những điều nhỏ nhất như c&aacute;ch cầm micro, cho đến d&aacute;ng đứng để thể hiện phong th&aacute;i tự tin. MC Thanh Bạch&nbsp;nhận x&eacute;t Hen Ni&ecirc; rằng:&nbsp;<em>&quot;C&ocirc; c&oacute; năng lượng&nbsp;tr&agrave;n đầy v&agrave; c&ocirc; rất l&agrave; ch&acirc;n thật, c&aacute;i sự ch&acirc;n th&agrave;nh đ&oacute; n&oacute; l&agrave;m c&ocirc; kh&ocirc;ng sợ c&aacute;i g&igrave; hết, kh&ocirc;ng phải nghĩ m&igrave;nh đ&oacute;ng vai hoa hậu l&agrave; phải thế n&agrave;y, thế kia. C&ocirc; ch&iacute;nh l&agrave; m&igrave;nh.&quot;</em></p>\r\n\r\n<p>&nbsp;</p>\r\n\r\n<p><img alt=\"H&amp;#39;Hen Niê bị nhận xét thiếu tham vọng khi thi Miss Universe - 4\" src=\"https://cdn.24h.com.vn/upload/4-2018/images/2018-10-30/1540897483-634-hen-nie4--1540783533-width660height877.jpg\" /></p>\r\n\r\n<p>&nbsp;</p>\r\n\r\n<p>Hen Ni&ecirc; được MC Thanh Bạch truyền dẫn nhiều kinh nhiệm l&agrave;m MC th&uacute; vị</p>\r\n\r\n<p>Ngo&agrave;i ra, hoa hậu học yoga c&ugrave;ng tiến sĩ Trần Hữu Đức để&nbsp;thư gi&atilde;n t&acirc;m l&yacute;. Đ&acirc;y l&agrave; cơ hội để c&ocirc; gi&atilde;i&nbsp;b&agrave;y những kh&uacute;c&nbsp;mắc t&acirc;m l&yacute;, vơi đi &aacute;p lực cuộc sống. Tuy được khen đ&atilde; c&oacute; nhiều thay đổi trong c&aacute;ch suy nghĩ, đối đ&aacute;p nhưng tiến sĩ Đức vẫn thẳng thắn n&oacute;i H&#39;Hen Ni&ecirc; l&agrave; người thiếu tham vọng. Đ&acirc;y ch&iacute;nh l&agrave; khuyết điểm khiến c&ocirc; thiếu đi sự ganh đua, kh&aacute;t khao đủ mạnh khi g&oacute;p mặt ở&nbsp;&quot;chiến trường&quot;&nbsp;khốc liệt như Miss Universe.</p>\r\n\r\n<p>Tuy nhi&ecirc;n, theo b&agrave;&nbsp;V&otilde; Thị Xu&acirc;n Trang - Trưởng ban gi&aacute;m khảo&nbsp;<a href=\"https://www.24h.com.vn/hoa-hau-hoan-vu-viet-nam-c78e3653.html\" title=\"Hoa hậu Hoàn vũ Việt Nam\">Hoa hậu Ho&agrave;n vũ Việt Nam</a>&nbsp;2017, H&#39;Hen Ni&ecirc; được chọn l&agrave;m hoa hậu v&igrave; vẻ đẹp t&acirc;m hồn. Ở c&ocirc; kh&ocirc;ng c&oacute; sự ganh đua, lu&ocirc;n t&ocirc;n trọng mọi người v&agrave; đ&oacute; ch&iacute;nh l&agrave; điều tạo n&ecirc;n sức h&uacute;t của H&#39;Hen Ni&ecirc;. Ch&iacute;nh Hen đ&atilde; tạo n&ecirc;n một định nghĩa mới về danh xưng hoa hậu: Vẻ đẹp đến từ sự ch&acirc;n phương, giản dị, chạm đến người đối diện bằng&nbsp;năng lượng t&iacute;ch cực, truyền cảm hứng bằng tr&aacute;i tim ch&acirc;n th&agrave;nh.</p>\r\n\r\n<p><img alt=\"H&amp;#39;Hen Niê bị nhận xét thiếu tham vọng khi thi Miss Universe - 6\" src=\"https://cdn.24h.com.vn/upload/4-2018/images/2018-10-30/1540897484-52-hen-nie20-1540784250-width660height710.jpg\" /></p>\r\n\r\n<p><img alt=\"H&amp;#39;Hen Niê bị nhận xét thiếu tham vọng khi thi Miss Universe - 7\" src=\"https://cdn.24h.com.vn/upload/4-2018/images/2018-10-30/1540897484-981-hen-nie40-1540784259-width660height684.jpg\" /></p>\r\n\r\n<p>Những h&igrave;nh vui vẻ, tr&agrave;n đầy năng lượng của H&#39;Hen Ni&ecirc; trước khi đi thi sắc đẹp quốc tế</p>\r\n', 2, '1540897483-392-hen-nie-1540781087-width660height990.jpg', 10),
(5, 'Thử cảm giác “dạo bước trên mây” cùng giày Li-Ning Cloud Lite', 'thu-cam-giac-dao-buoc-tren-may-cung-giay-li-ning-cloud-lite', '<h2>Tín đồ của sneaker và đặc biệt là fan của Li-Ning được dịp “đứng ngồi không yên” khi thương hiệu vừa ra mắt về đôi giày running Li-Ning Cloud Lite. Điều đặc biệt “gây sốt” về đôi giày chính bởi công nghệ làm nên cuộc “dạo bước trên mây” cho chính chủ nhân của nó. Hãy cùng khám phá sức hấp dẫn vượt xa sự mong đợi của đôi giày chạy mang thương hiệu Li-Ning.</h2>\r\n\r\n<p> </p>\r\n\r\n<p><img alt=\"Thử cảm giác “dạo bước trên mây” cùng giày Li-Ning Cloud Lite - 1\" src=\"https://cdn.24h.com.vn/upload/4-2018/images/2018-10-30/Thu-cam-giac-dao-buoc-tren-may-cung-giay-Li-Ning-Cloud-Lite-bst-giay-li-ning-cloud-lite-arvn120-4---1540869075-96-width660height660.jpg\" /></p>\r\n\r\n<p>Khám phá công nghệ làm nên cuộc Dạo bước trên mây của Li-Ning Cloud Lite</p>\r\n\r\n<p>Nếu như công nghệ được xem như yếu tố quyết định thế thượng phong trong thị trường giày thể thao thì Li-Ning chiếm lĩnh thị trường bằng chính những công nghệ được cải tiến liên tục trong từng dòng sản phẩm. Ra mắt đôi giày running cùng công nghệ Li-Ning Cloud độc quyền, Li-Ning càng khẳng định vị thế của một “ông lớn” trong ngành sản xuất thời trang thể thao. Công nghệ Li-Ning Cloud thiết kế nằm ở phần đế giữa, có khả năng tích trữ và giải phóng năng lượng, tạo ra hệ thống tái tạo lực hiệu quả, vừa hạn chế tiêu hao năng lượng vừa giảm đi đáng kể trọng lượng của đôi giày, giúp bạn di chuyển nhanh hơn và xa hơn, chính vì thế mà bạn hoàn toàn được thư giãn “dạo bước trên mây” cùng Li-Ning Cloud Lite.</p>\r\n\r\n<p><img alt=\"Thử cảm giác “dạo bước trên mây” cùng giày Li-Ning Cloud Lite - 2\" src=\"https://cdn.24h.com.vn/upload/4-2018/images/2018-10-30/Thu-cam-giac-dao-buoc-tren-may-cung-giay-Li-Ning-Cloud-Lite-bst-giay-li-ning-cloud-lite-arvn120-2-va-arvn121-6-1540869075-430-width660height440.jpg\" /></p>\r\n\r\n<p>Công nghệ độc quyền Li-Ning Cloud giúp giảm chấn, mang lại cảm giác siêu nhẹ, giúp bạn chạy nhanh hơn, xa hơn.</p>\r\n\r\n<p>Thêm ưu điểm để Li-Ning Cloud Lite xứng đáng là đôi giày mà bạn không thể bỏ lỡ nằm ở công nghệ chống lật Probar Loc: Thiết kế hoa văn hình bước sóng nằm ở vị trí gan bàn chân giúp tăng cường độ ma sát, chống trơn trượt tối đa, giúp bạn hoàn toàn yên tâm khi di chuyển, đặc biệt trong những ngày thời tiết mưa ẩm. Đây chắc chắn là yếu tố mà bất kỳ runner nào cũng kỳ vọng ở đôi giày của mình.</p>\r\n\r\n<p><img alt=\"Thử cảm giác “dạo bước trên mây” cùng giày Li-Ning Cloud Lite - 3\" src=\"https://cdn.24h.com.vn/upload/4-2018/images/2018-10-30/Thu-cam-giac-dao-buoc-tren-may-cung-giay-Li-Ning-Cloud-Lite-bst-giay-li-ning-cloud-lite-arvn121-6--1540869075-724-width660height440.jpg\" /></p>\r\n\r\n<p>Công nghệ Probar Loc chống lật, tăng ma sát và chống trơn trượt hiệu quả</p>\r\n\r\n<p>Không chỉ dừng lại ở đôi giày đáp ứng sở thích chạy bộ cho các runner, Li-Ning Cloud Lite còn đảm bảo tính thời thượng và tiện dụng, dễ dàng phối đồ với nhiều phong cách khác nhau. Thiết kế cổ giày dạng bít tất ấn tượng giúp đôi giày chạy trở nên tinh tế và khỏe khoắn. Tỉ mỉ đến từng chi tiết nhỏ nhất, phần đai sau gót giày in hoa văn bước sóng tạo điểm nhấn và tăng thêm vẻ mạnh mẽ cho đôi giày.</p>\r\n\r\n<p><img alt=\"Thử cảm giác “dạo bước trên mây” cùng giày Li-Ning Cloud Lite - 4\" src=\"https://cdn.24h.com.vn/upload/4-2018/images/2018-10-30/Thu-cam-giac-dao-buoc-tren-may-cung-giay-Li-Ning-Cloud-Lite-bst-giay-li-ning-cloud-lite-arvn120-2-1540869075-635-width660height440.jpg\" /></p>\r\n\r\n<p>Tỉ mần đến từng chi tiết nhỏ nhất như đai sau gót giày và dây giày tạo điểm nhấn ấn tượng</p>\r\n\r\n<p>BST đa sắc với những tông màu “mới nhìn đã yêu” của Li-Ning Cloud Lite cũng khiến các tín đồ thời trang mê mẩn. Với 5 mã màu ARVN120-1; ARVN120-5; ARVN121-1; ARVN121-3; ARVN121-5 gồm: đen, nâu, ghi, xanh dương,...đều là những gam màu thời thượng, dễ phối đồ cho các chàng trai. Còn các cô nàng thể thao được dịp khoe nét nữ tính cùng sắc tím khoai môn, trắng hay hồng pastel dịu ngọt, các mã màu dành cho bạn nữ gồm: ARVN120-2; ARVN120-4; ARVN120-6; ARVN121-2; ARVN121-4; ARVN121-6.</p>\r\n\r\n<p><img alt=\"Thử cảm giác “dạo bước trên mây” cùng giày Li-Ning Cloud Lite - 5\" src=\"https://cdn.24h.com.vn/upload/4-2018/images/2018-10-30/Thu-cam-giac-dao-buoc-tren-may-cung-giay-Li-Ning-Cloud-Lite-bst-giay-li-ning-cloud-lite-arvn120-6--1540869075-549-width660height440.jpg\" /></p>\r\n\r\n<p>BST đa sắc màu dễ dàng phối đồ tạo nhiều phong cách khác nhau</p>\r\n\r\n<p>Đôi giày Cloud Lite đã chính thức có mặt trên hệ thống các cửa hàng Li-Ning, đừng bỏ lỡ cơ hội trải nghiệm cảm giác “dạo bước trên mây” của đôi giày chạy “chất phát ngất” này nhé!</p>\r\n', 1, 'giay-boot-co-cao-nau-g101-7644-slide-1.jpg', 10),
(6, 'Hài Tổng Hợp Hay Nhất Mọi Thời Đại - Video Hài', 'hai-tong-hop-hay-nhat-moi-thoi-dai---video-hai', '<p>video hài, video hay nhất, top videos 2011, top video 2010, những clip hay nhất, hài hay nhất, clip hai, clip vui, clip hai huoc nhat, hai hay nhat viet nam, danh sách video hài, video hài hay nhất năm 2014, video hài hay nhất năm 2015, video hài cực hay</p>\r\n\r\n<p> </p>\r\n\r\n<p><param name=\"allowFullScreen\" value=\"true\" /><param name=\"quality\" value=\"high\" /><param name=\"movie\" value=\"https://youtu.be/9qDoYxKv-qQ\" /></p>\r\n', 1, 'hinh-nen-manchester-united-full-hd-7.jpg', 10),
(7, 'Giới thiệu', 'gioi-thieu', '<h1>GIỚI THIỆU MyShop</h1>\r\n\r\n<p>C&ocirc;ng ty thời trang MyShop được th&agrave;nh lập từ th&aacute;ng 3 năm 2019, l&agrave; một trong những thương hiệu thời trang nữ uy t&iacute;n h&agrave;ng đầu Việt nữ. Với sự quản l&yacute; chặt chẽ, chuy&ecirc;n nghiệp của đội ngũ&nbsp;quản l&yacute;; Nỗ lực s&aacute;ng tạo kh&ocirc;ng ngừng của bộ phận&nbsp;thiết kế, Sự tận t&acirc;m của nh&acirc;n vi&ecirc;n b&aacute;n h&agrave;ng&hellip; l&agrave; những yếu tố l&agrave;m n&ecirc;n thương hiệu thời trang MyShop lớn mạnh như hiện nay.<br />\r\n&nbsp;<br />\r\nMyShop lu&ocirc;n quan niệm thời trang l&agrave; sự t&igrave;m t&ograve;i v&agrave; s&aacute;ng tạo n&ecirc;n những sản phẩm của MyShop đều được thiết kế ri&ecirc;ng với sự trẻ trung, hiện đại để mang lại guu thời trang hợp mốt nhất cho c&aacute;c bạn trẻ. C&aacute;c d&ograve;ng sản phẩm của MyShop kh&ocirc;ng ngừng đa dạng về kiểu d&aacute;ng, mẫu m&atilde; từ &aacute;o sơ mi, &aacute;o thun, &aacute;o kho&aacute;c,&nbsp;&aacute;o vest, quần jean, quần t&acirc;y, quần kaki&hellip; đến c&aacute;c phụ kiện thời trang v&ocirc; c&ugrave;ng s&agrave;nh điệu, tất cả tạo n&ecirc;n vẻ đẹp ho&agrave;n hảo, hiện đại, phong c&aacute;ch cho ph&aacute;i mạnh<br />\r\n&nbsp;<br />\r\nB&ecirc;n cạnh đ&oacute; MyShop lu&ocirc;n đặt m&igrave;nh v&agrave;o t&acirc;m l&yacute; v&agrave; quyền lợi của kh&aacute;ch h&agrave;ng để tung ra những sản phẩm thời trang chất lượng tốt nhất, mẫu m&atilde; cực đẹp, mới lạ nhưng với gi&aacute; cả cực k&igrave;&nbsp;hấp dẫn, cạnh tranh nhất.<br />\r\n&nbsp;<br />\r\nHiện nay, thương hiệu thời trang nữ MyShop đ&atilde; v&agrave; đang ph&aacute;t triển ng&agrave;y c&agrave;ng lớn mạnh th&agrave;nh một hệ thống với nhiều chi nh&aacute;nh cửa h&agrave;ng b&aacute;n lẻ tại TPHCM, Đồng Nai v&agrave; Vũng T&agrave;u. Ngo&agrave;i ra, nhằm tạo sự tiện lợi mua sắm tối đa cho kh&aacute;ch h&agrave;ng, MyShop ph&aacute;t triển hệ thống b&aacute;n h&agrave;ng online, giao h&agrave;ng đến tận tay người ti&ecirc;u d&ugrave;ng tr&ecirc;n to&agrave;n quốc. Giờ đ&acirc;y ngay tại nh&agrave; bạn cũng c&oacute; thể chọn cho m&igrave;nh những sản phẩm ph&ugrave; hợp với sở th&iacute;ch v&agrave; phong c&aacute;ch qua website:&nbsp;<br />\r\n&nbsp;<br />\r\nĐến với MyShop, ch&uacute;ng t&ocirc;i lu&ocirc;n tận t&acirc;m tư vấn gi&uacute;p qu&yacute; kh&aacute;ch t&igrave;m được những sản phẩm y&ecirc;u th&iacute;ch, ph&ugrave; hợp với nhu cầu v&agrave; g&oacute;p phần tạo n&ecirc;n phong c&aacute;ch cho ri&ecirc;ng m&igrave;nh!<br />\r\n&nbsp;</p>\r\n', 1, 'logoweb.png', 10),
(8, 'Tuyển dụng', 'tuyen-dung', '<h1><strong>TUYỂN DỤNG MYSHOP</strong></h1></br>\r\n\r\n<p><a href=\"http://www.facebook.com/fan24h\" target=\"_blank\" title=\"Chia sẻ trên Fanpage\"><img alt=\"Chia sẻ trên Fanpage\" src=\"https://cdn.24h.com.vn/images/2014/icon_24h_2018.png\" /></a>&nbsp;<a href=\"javascript:void(0);\" onclick=\"javascript:window.open(\'https://www.facebook.com/sharer/sharer.php?u=https%3A%2F%2Fwww.24h.com.vn%2Fban-tre-cuoc-song%2Fcac-ceo-thuong-hoi-gi-khi-tuyen-dung-nhan-su-c64a689608.html\', \'\', \'menubar=no, toolbar=no, resizable=yes, scrollbars=yes, height=600, width=600\');return false;\" title=\"Chia sẻ bài viết này trên Facebook\"><img alt=\"Chia sẻ bài viết này trên trên Facebook\" src=\"https://cdn.24h.com.vn/images/2014/icon_fb50_2018.png\" /></a>&nbsp;<a href=\"javascript:void(0);\" onclick=\"javascript:window.open(\'https://plus.google.com/share?url=https%3A%2F%2Fwww.24h.com.vn%2Fban-tre-cuoc-song%2Fcac-ceo-thuong-hoi-gi-khi-tuyen-dung-nhan-su-c64a689608.html\', \'\', \'menubar=no, toolbar=no, resizable=yes, scrollbars=yes, height=600, width=600\');return false;\" title=\"Chia sẻ bài viết này trên G+\"><img alt=\"Chia sẻ bài viết này trên trên G+\" src=\"https://cdn.24h.com.vn/images/2014/icon_gg50_2018.png\" /></a></p>\r\n\r\n<p>Hạn nộp hồ sơ: 22/05/2019</p>\r\n<h6><strong>Mô tả công việc</strong></h6>\r\n+ Đăng tin trên các trang website đăng tin hiệu quả (miễn phí) do Công ty tổng hợp lựa chọn.</br>\r\n+ Tiếp nhận điện thoại, khai thác thông tin, nhu cầu của khách hàng, tư vấn bán các sản phẩm Bất động sản phong phú có sẵn trong nguồn hàng của Công ty.</br>\r\n+ Chốt giao dịch, tư vấn và chăm sóc khách hàng hiệu quả dưới sự hướng dẫn đào tạo và theo sát từng bước một cách trực tiếp từ Trưởng phòng và Giám đốc Công ty.</br>\r\nYêu cầu công việc</br>\r\n+ Tốt nghiệp bằng Trung cấp trở lên.</br>\r\n+ Làm việc toàn thời gian với Bất động sản.</br>\r\n+ Có xe máy, laptop, điện thoại.</br>\r\n+ Sử dụng thành thạo Internet và tin học văn phòng.</br>\r\n+ Đam mê kiếm tiền, ham học hỏi, có tinh thần cầu tiến.</br>\r\n+ Tác phong nhanh nhẹn, tự tin, lịch sự, chuyên nghiệp.</br>\r\n+ Thành viên chưa có kinh nghiệm Bất động sản sẽ đào tạo theo Giáo án riêng của Công ty.</br>\r\n+ Ưu tiên ứng viên đam mê làm giàu.</br></br>\r\n<h6><strong>Quyền lợi</strong></h6>\r\n+ Lương cứng lên tới 5 triệu/tháng, thu nhập 10-15 triệu/ tháng trong thời gian học việc, khi biết việc thu nhập từ 20-30 triệu/ tháng, khi thành thạo nghề thu nhập 50-300 triệu/ tháng, không áp doanh số.</br>\r\n+ Có mức hoa hồng cao nhất thị trường hiện nay.</br>\r\n+ Được đào tạo để sử dụng thành thạo internet, tin học căn bản. Có cơ hội phát triển bản thân toàn diện, được đào tạo bài bản từ cơ bản đến nâng cao, được cầm tay chỉ việc đến khi vững nghề.</br>\r\n+ Được hợp tác với Công ty đứng số 1 tại Việt Nam về Môi giới Bất động sản Thổ cư.</br>\r\n+ Cơ hội làm giàu chính đáng mà không ngành nghề nào có được.</br>\r\n+ Làm việc trong môi trường có văn hóa “Chính nhân quân tử”, “Được cho đi là niềm vui” đặc biệt nhất tại Việt Nam.</br>\r\n+ Hoa hồng về chia ngay, không giữ lương, không giữ giấy tờ, bằng cấp.</br>\r\n+ Cơ hội thăng tiến lên các cấp quản lý, lãnh đạo trong Công ty.</br>\r\n+ Được tham gia các hoạt động văn hóa của Công ty: Giải bóng đá, hoạt động vui chơi, du lịch, tâm linh, từ thiện…</p>', 1, 'hinh-anh-tuyen-dung-viec-lam.png', 10),
(10, 'Liên hệ', 'lien-he', '<iframe align=\"middle\" frameborder=\"0\" height=\"300\" scrolling=\"yes\" src=\"https://www.google.com/maps/embed?pb=!1m18!1m12!1m3!1d31352.820326649973!2d106.63806768730849!3d10.803457962591779!2m3!1f0!2f0!3f0!3m2!1i1024!2i768!4f13.1!3m3!1m2!1s0x31752be27d8b4f4d%3A0x92dcba2950430867!2zVHLGsOG7nW5nIMSQYcyjaSBob8yjYyBDw7RuZyBuZ2hp4buHcCBUaOG7sWMgcGjhuqltIFRow6BuaCBwaOG7kSBI4buTIENow60gTWluaA!5e0!3m2!1svi!2s!4v1557554494384!5m2!1svi!2s\" width=\"600\" height=\"450\" frameborder=\"0\" style=\"border:0\" allowfullscreen></iframe>\r\n<p>&nbsp;Địa chỉ:&nbsp;Đại học công nghiệp thực phẩm TP.HCM</p>\r\n\r\n<p>&nbsp;Email:&nbsp;doanhvo2016@gmail.com</p>\r\n\r\n<p>&nbsp;Điện thoại:&nbsp;  0819192955</p>', 1, 'logo.jpg', 10),
(11, 'HLV Park Hang-seo giữ bí mật về nơi đóng quân của tuyển Việt Nam', 'hlv-park-hang-seo-giu-bi-mat-ve-noi-dong-quan-cua-tuyen-viet-nam', '<h1>HLV Park Hang-seo d&ugrave;ng Trọng Ho&agrave;ng lấp chỗ Văn Thanh</h1>\r\n\r\n<h2>Tiền vệ người xứ Nghệ đang nỗ lực cải thiện khả năng ph&ograve;ng ngự để đảm nhận vị tr&iacute; b&ecirc;n h&agrave;nh lang c&aacute;nh phải của tuyển Việt Nam tại AFF Cup 2018.</h2>\r\n\r\n<ul>\r\n	<li><a href=\"./.\">HLV Park Hang-seo loại Quả B&oacute;ng V&agrave;ng 2017 trước thềm AFF Cup&nbsp;/&nbsp;Tuyển thủ Việt Nam khen HLV Park Hang-seo t&acirc;m l&yacute;</a></li>\r\n</ul>\r\n\r\n<table align=\"center\" border=\"0\" cellpadding=\"3\" cellspacing=\"0\">\r\n	<tbody>\r\n		<tr>\r\n			<td><img alt=\"Trọng Hoàng được HLV Park Hang-seo đánh giá cao nhờ có nền tảng thể lực sung mãn.\" src=\"https://i-thethao.vnecdn.net/2018/11/04/a1-4268-1541293053.jpg\" /></td>\r\n		</tr>\r\n		<tr>\r\n			<td>\r\n			<p>Trọng Ho&agrave;ng được HLV Park Hang-seo đ&aacute;nh gi&aacute; cao nhờ c&oacute; nền tảng thể lực sung m&atilde;n.</p>\r\n			</td>\r\n		</tr>\r\n	</tbody>\r\n</table>\r\n\r\n<p>&ldquo;T&ocirc;i đang được bố tr&iacute; chơi b&ecirc;n c&aacute;nh phải. Đ&acirc;y kh&ocirc;ng phải l&agrave; vị tr&iacute; sở trường của t&ocirc;i. T&ocirc;i vốn quen đ&aacute; ở tuyến tr&ecirc;n, kh&ocirc;ng phải thấp như hiện tại. Tuy nhi&ecirc;n, khi được HLV Park Hang-seo giao ph&oacute;, t&ocirc;i tu&acirc;n thủ. T&ocirc;i sẽ nỗ lực cải thiện khả năng ph&ograve;ng ngự để chuẩn bị tốt nhất cho AFF Cup 2018&rdquo;, Trọng Ho&agrave;ng chia sẻ.</p>\r\n\r\n<p>Kể từ khi sang Việt Nam hơn một năm trước, HLV Park Hang-seo thường xuy&ecirc;n sử dụng sơ đồ 3-5-2 hoặc 3-4-3. Ba trung vệ l&agrave; Duy Mạnh, Tiến Dũng v&agrave; Đ&igrave;nh Trọng. Hai hậu vệ bi&ecirc;n Văn Thanh v&agrave; Văn Hậu được đẩy l&ecirc;n cao hơn. Họ c&oacute; vai tr&ograve; quan trọng trong cả ph&ograve;ng ngự lẫn tấn c&ocirc;ng.</p>\r\n\r\n<p>Tại AFF Cup 2018, HLV Park Hang-seo mất cầu thủ quan trọng Văn Thanh do đứt d&acirc;y chằng, kh&ocirc;ng thể l&ecirc;n tuyển. Nh&agrave; cầm qu&acirc;n người H&agrave;n Quốc cho biết đ&acirc;y l&agrave; vấn đề lớn với &ocirc;ng v&agrave; trong thời gian qua li&ecirc;n tục thử nghi&ecirc;m Văn Th&agrave;nh, Ngọc Hải v&agrave; Trọng Ho&agrave;ng cho vị tr&iacute; n&agrave;y. C&aacute;i t&ecirc;n cuối c&ugrave;ng khiến &ocirc;ng y&ecirc;n t&acirc;m hơn cả n&ecirc;n cầu thủ n&agrave;y ngay sau khi cưới vợ phải tập trung trở lại c&ugrave;ng đội.</p>\r\n\r\n<p>Tối 3/11, HLV Park Hang-seo loại Đinh Thanh Trung v&agrave; Dương Văn H&agrave;o, chốt danh s&aacute;ch 23 cầu thủ dự AFF Cup. Dự kiến chiều nay, đội tập buổi cuối c&ugrave;ng tại H&agrave; Nội v&agrave; s&aacute;ng 5/11 sẽ bay sang Vientiane để ba ng&agrave;y sau đ&aacute; trận ra qu&acirc;n gặp L&agrave;o.</p>\r\n\r\n<p>&ldquo;So với đội h&igrave;nh v&ocirc; địch AFF Cup c&aacute;ch đ&acirc;y 10 năm, tuyển Việt Nam hiện tại c&oacute; nhiều t&agrave;i năng trẻ gi&agrave;u triển vọng hơn. Họ ch&iacute;nh l&agrave; tiền đề cho những bước tiến của b&oacute;ng đ&aacute; Việt Nam trong tương lai. C&ograve;n tại giải năm nay, đội sẽ phải chơi rất quyết t&acirc;m. U23 Việt Nam đ&atilde; rất th&agrave;nh c&ocirc;ng tại giải U23 ch&acirc;u &Aacute; nhưng c&aacute;c em đều hiểu rằng AFF Cup l&agrave; s&acirc;n chơi d&agrave;nh cho cấp độ đội tuyển, kh&aacute;c biệt v&agrave; kh&oacute; khăn hơn nhiều&rdquo;, Trọng Ho&agrave;ng chia sẻ th&ecirc;m.</p>\r\n\r\n<p>Tại AFF Cup 2018 tuyển Việt Nam nằm ở bảng A. Thầy tr&ograve; HLV Park Hang-seo sẽ lần lượt gặp L&agrave;o (s&acirc;n kh&aacute;ch, ng&agrave;y 8/11), Malaysia (s&acirc;n nh&agrave;, ng&agrave;y 16/11), Myanmar (s&acirc;n kh&aacute;ch, 20/11) v&agrave; Campuchia (s&acirc;n nh&agrave;, ng&agrave;y 24/11).</p>\r\n\r\n<p><strong>Nam Anh</strong></p>\r\n', 1, 'LVT-0910-JPG-1459-1541318808.jpg', 10);
INSERT INTO `tintuc` (`id`, `name`, `slug`, `content`, `chuyenmuc_id`, `thunbar`, `view`) VALUES
(12, 'Áo 10 triệu, giày 25 triệu, túi 60 triệu... con nhà giàu Việt khoe đồ hiệu gây sốc', 'ao-10-trieu-giay-25-trieu-tui-60-trieu-con-nha-giau-viet-khoe-do-hieu-gay-soc', '<p><strong>Vừa qua, mạng x&atilde; hội lan truyền clip &quot;Rich kid (con nh&agrave; gi&agrave;u) Việt Nam mặc đồ như thế n&agrave;o?&quot;. Ngay lập tức, cư d&acirc;n mạng được phen b&agrave;n t&aacute;n x&ocirc;n xao. Khắp c&aacute;c diễn đ&agrave;n, fanpage tr&ecirc;n mạng x&atilde; hội, nhiều &yacute; kiến tr&aacute;i chiều đ&atilde; nổ ra.</strong></p>\r\n\r\n<p>&nbsp;</p>\r\n\r\n<p>&nbsp;</p>\r\n\r\n<p><em>Nguồn clip:&nbsp;SNKRVN</em></p>\r\n\r\n<p>Đoạn clip được quay tại sự kiện thường ni&ecirc;n&nbsp;<em>Sneakers Fest 2018</em>&nbsp;ng&agrave;y 8/7 diễn ra tại Nh&agrave; văn ho&aacute; Thanh ni&ecirc;n (TP.HCM). Những nh&acirc;n vật ch&iacute;nh được phỏng vấn đều c&ograve;n rất trẻ, đang ở độ tuổi cắp s&aacute;ch đến trường nhưng họ đ&atilde; kho&aacute;c l&ecirc;n m&igrave;nh những m&oacute;n đồ c&oacute; gi&aacute; trị lớn, bằng cả gia t&agrave;i đối với nhiều người.&nbsp;</p>\r\n\r\n<p><em>&quot;&Aacute;o kho&aacute;c em đang mặc gi&aacute; 10 triệu đồng, gi&agrave;y 16 triệu đồng, t&uacute;i Gucci khoảng 60 triệu đồng, v&iacute; cầm tay khoảng 2 triệu đồng&quot;</em>, bạn nữ xuất hiện trong clip tự &quot;b&oacute;c gi&aacute;&quot; trang phục. Tổng cộng c&ocirc; bạn đang diện tr&ecirc;n người set đồ trị gi&aacute; khoảng 88 triệu đồng.&nbsp;</p>\r\n\r\n<p>Những m&oacute;n đồ c&aacute;c bạn trẻ mang đến sự kiện n&agrave;y đều l&agrave; những thương hiệu lớn như Gucci, Balenciaga hay Givenchy. Bởi vậy, c&oacute; lẽ những bạn trẻ trong clip dưới đ&acirc;y cũng được coi l&agrave; những &quot;rich kid Việt Nam&quot; thứ thiệt.</p>\r\n\r\n<p><a href=\"http://media.tinmoi.vn/2018/07/10/screen-shot-2018-07-09-at-113101-ch-1531153975007810852563-1531190799988759403663.png\" title=\"Áo 10 triệu, giày 25 triệu, túi 60 triệu... con nhà giàu Việt khoe đồ hiệu gây sốc - ảnh 1\"><img alt=\"Áo 10 triệu, giày 25 triệu, túi 60 triệu... các bạn trẻ Việt khoe đồ hiệu gây choáng váng - Ảnh 2.\" height=\"\" src=\"http://media.tinmoi.vn/2018/07/10/screen-shot-2018-07-09-at-113101-ch-1531153975007810852563-1531190799988759403663.png\" title=\"Áo 10 triệu, giày 25 triệu, túi 60 triệu... con nhà giàu Việt khoe đồ hiệu gây sốc - ảnh 1\" width=\"\" /></a></p>\r\n\r\n<p>&quot;&Aacute;o con mua của Rick Owen 10 triệu, gi&agrave;y Gucci 16 triệu, t&uacute;i Gucci 2600 USD (60 triệu) v&agrave; v&iacute; Victoria Secret 2 triệu&quot;.</p>\r\n\r\n<p><a href=\"http://media.tinmoi.vn/2018/07/10/untitled-1531190983558206801760.png\" title=\"Áo 10 triệu, giày 25 triệu, túi 60 triệu... con nhà giàu Việt khoe đồ hiệu gây sốc - ảnh 2\"><img alt=\"Áo 10 triệu, giày 25 triệu, túi 60 triệu... các bạn trẻ Việt khoe đồ hiệu gây choáng váng - Ảnh 3.\" height=\"\" src=\"http://media.tinmoi.vn/2018/07/10/untitled-1531190983558206801760.png\" title=\"Áo 10 triệu, giày 25 triệu, túi 60 triệu... con nhà giàu Việt khoe đồ hiệu gây sốc - ảnh 2\" width=\"\" /></a></p>\r\n\r\n<p><a href=\"http://media.tinmoi.vn/2018/07/10/untitled-15311911296191440301064.png\" title=\"Áo 10 triệu, giày 25 triệu, túi 60 triệu... con nhà giàu Việt khoe đồ hiệu gây sốc - ảnh 3\"><img alt=\"Áo 10 triệu, giày 25 triệu, túi 60 triệu... các bạn trẻ Việt khoe đồ hiệu gây choáng váng - Ảnh 4.\" height=\"\" src=\"http://media.tinmoi.vn/2018/07/10/untitled-15311911296191440301064.png\" title=\"Áo 10 triệu, giày 25 triệu, túi 60 triệu... con nhà giàu Việt khoe đồ hiệu gây sốc - ảnh 3\" width=\"\" /></a></p>\r\n\r\n<p>&Aacute;o 16 triệu, T shirt 220 đ&ocirc;, quần 400 ng&agrave;n, gi&agrave;y Beluga 9 triệu rưỡi, &aacute;o Anti Social 5 triệu&quot;.</p>\r\n\r\n<p><a href=\"http://media.tinmoi.vn/2018/07/10/3690454412446014023439201676976028037152768n-1531191146913945521600.jpg\" title=\"Áo 10 triệu, giày 25 triệu, túi 60 triệu... con nhà giàu Việt khoe đồ hiệu gây sốc - ảnh 4\"><img alt=\"Áo 10 triệu, giày 25 triệu, túi 60 triệu... các bạn trẻ Việt khoe đồ hiệu gây choáng váng - Ảnh 5.\" height=\"\" src=\"http://media.tinmoi.vn/2018/07/10/3690454412446014023439201676976028037152768n-1531191146913945521600.jpg\" title=\"Áo 10 triệu, giày 25 triệu, túi 60 triệu... con nhà giàu Việt khoe đồ hiệu gây sốc - ảnh 4\" width=\"\" /></a></p>\r\n\r\n<p>Ngay cả chiếc khẩu trang cũng c&oacute; gi&aacute; 1,4 triệu???</p>\r\n\r\n<p><a href=\"http://media.tinmoi.vn/2018/07/10/untitled-15311912163641560109187.png\" title=\"Áo 10 triệu, giày 25 triệu, túi 60 triệu... con nhà giàu Việt khoe đồ hiệu gây sốc - ảnh 5\"><img alt=\"Áo 10 triệu, giày 25 triệu, túi 60 triệu... các bạn trẻ Việt khoe đồ hiệu gây choáng váng - Ảnh 6.\" height=\"\" src=\"http://media.tinmoi.vn/2018/07/10/untitled-15311912163641560109187.png\" title=\"Áo 10 triệu, giày 25 triệu, túi 60 triệu... con nhà giàu Việt khoe đồ hiệu gây sốc - ảnh 5\" width=\"\" /></a></p>\r\n\r\n<p>&quot;&Aacute;o 8 trăm rưỡi, gi&agrave;y Human 7 triệu rưỡi, t&uacute;i MCM 18 triệu&quot;.</p>\r\n\r\n<p><a href=\"http://media.tinmoi.vn/2018/07/10/3691354912446014523439155539095678132682752n-15311912249721922459553.jpg\" title=\"Áo 10 triệu, giày 25 triệu, túi 60 triệu... con nhà giàu Việt khoe đồ hiệu gây sốc - ảnh 6\"><img alt=\"Áo 10 triệu, giày 25 triệu, túi 60 triệu... các bạn trẻ Việt khoe đồ hiệu gây choáng váng - Ảnh 7.\" height=\"\" src=\"http://media.tinmoi.vn/2018/07/10/3691354912446014523439155539095678132682752n-15311912249721922459553.jpg\" title=\"Áo 10 triệu, giày 25 triệu, túi 60 triệu... con nhà giàu Việt khoe đồ hiệu gây sốc - ảnh 6\" width=\"\" /></a></p>\r\n\r\n<p>Nguy&ecirc;n một set đồ quần &aacute;o gi&aacute; cả phải chăng cho đến khi người ta nh&igrave;n thấy đ&ocirc;i gi&agrave;y đắt gi&aacute; ấy.</p>\r\n\r\n<p><a href=\"http://media.tinmoi.vn/2018/07/10/untitled-1531191589339616865638.png\" title=\"Áo 10 triệu, giày 25 triệu, túi 60 triệu... con nhà giàu Việt khoe đồ hiệu gây sốc - ảnh 7\"><img alt=\"Áo 10 triệu, giày 25 triệu, túi 60 triệu... các bạn trẻ Việt khoe đồ hiệu gây choáng váng - Ảnh 8.\" height=\"\" src=\"http://media.tinmoi.vn/2018/07/10/untitled-1531191589339616865638.png\" title=\"Áo 10 triệu, giày 25 triệu, túi 60 triệu... con nhà giàu Việt khoe đồ hiệu gây sốc - ảnh 7\" width=\"\" /></a></p>\r\n\r\n<p>&nbsp;</p>\r\n\r\n<p>&nbsp;</p>\r\n\r\n<p>&nbsp;</p>\r\n\r\n<p>&nbsp;</p>\r\n\r\n<p>&quot;Đ&ocirc;i gi&agrave;y th&igrave; 1000 đ&ocirc;&quot;, bạn trẻ trả lời cực kỳ nhẹ nh&agrave;ng.</p>\r\n\r\n<p><a href=\"http://media.tinmoi.vn/2018/07/10/screen-shot-2018-07-09-at-113631-ch-1531154471810604994649-15311916665531766137026.png\" title=\"Áo 10 triệu, giày 25 triệu, túi 60 triệu... con nhà giàu Việt khoe đồ hiệu gây sốc - ảnh 8\"><img alt=\"Áo 10 triệu, giày 25 triệu, túi 60 triệu... các bạn trẻ Việt khoe đồ hiệu gây choáng váng - Ảnh 9.\" height=\"\" src=\"http://media.tinmoi.vn/2018/07/10/screen-shot-2018-07-09-at-113631-ch-1531154471810604994649-15311916665531766137026.png\" title=\"Áo 10 triệu, giày 25 triệu, túi 60 triệu... con nhà giàu Việt khoe đồ hiệu gây sốc - ảnh 8\" width=\"\" /></a></p>\r\n\r\n<p>&quot;&Aacute;o Anti Social 3 triệu, gi&agrave;y Balenciaga 17 triệu&quot;.</p>\r\n\r\n<p><a href=\"http://media.tinmoi.vn/2018/07/10/3687858912446015456772396982609249738162176n-15311912285891262778269.jpg\" title=\"Áo 10 triệu, giày 25 triệu, túi 60 triệu... con nhà giàu Việt khoe đồ hiệu gây sốc - ảnh 9\"><img alt=\"Áo 10 triệu, giày 25 triệu, túi 60 triệu... các bạn trẻ Việt khoe đồ hiệu gây choáng váng - Ảnh 10.\" height=\"\" src=\"http://media.tinmoi.vn/2018/07/10/3687858912446015456772396982609249738162176n-15311912285891262778269.jpg\" title=\"Áo 10 triệu, giày 25 triệu, túi 60 triệu... con nhà giàu Việt khoe đồ hiệu gây sốc - ảnh 9\" width=\"\" /></a></p>\r\n\r\n<p>&quot;Gi&agrave;y Balenciaga 32 triệu&quot;.</p>\r\n\r\n<p><a href=\"http://media.tinmoi.vn/2018/07/10/screen-shot-2018-07-09-at-113816-ch-1531154471815733466233-153119189292913280487.png\" title=\"Áo 10 triệu, giày 25 triệu, túi 60 triệu... con nhà giàu Việt khoe đồ hiệu gây sốc - ảnh 10\"><img alt=\"Áo 10 triệu, giày 25 triệu, túi 60 triệu... các bạn trẻ Việt khoe đồ hiệu gây choáng váng - Ảnh 11.\" height=\"\" src=\"http://media.tinmoi.vn/2018/07/10/screen-shot-2018-07-09-at-113816-ch-1531154471815733466233-153119189292913280487.png\" title=\"Áo 10 triệu, giày 25 triệu, túi 60 triệu... con nhà giàu Việt khoe đồ hiệu gây sốc - ảnh 10\" width=\"\" /></a></p>\r\n\r\n<p>&Aacute;o kho&aacute;c 7 triệu, Belt Off White 4 triệu, vớ White 2 triệu, gi&agrave;y Yeezy Boost 350 Beluga 2. 9 triệu v&agrave; balo MCM 20 triệu&quot;.</p>\r\n\r\n<p><a href=\"http://media.tinmoi.vn/2018/07/10/screen-shot-2018-07-09-at-113947-ch-15311544718241822203191-15311912439481007004745.png\" title=\"Áo 10 triệu, giày 25 triệu, túi 60 triệu... con nhà giàu Việt khoe đồ hiệu gây sốc - ảnh 11\"><img alt=\"Áo 10 triệu, giày 25 triệu, túi 60 triệu... các bạn trẻ Việt khoe đồ hiệu gây choáng váng - Ảnh 12.\" height=\"\" src=\"http://media.tinmoi.vn/2018/07/10/screen-shot-2018-07-09-at-113947-ch-15311544718241822203191-15311912439481007004745.png\" title=\"Áo 10 triệu, giày 25 triệu, túi 60 triệu... con nhà giàu Việt khoe đồ hiệu gây sốc - ảnh 11\" width=\"\" /></a></p>\r\n\r\n<p>&quot;&Aacute;o Givenchi 12 triệu, gi&agrave;y Balanciaga 17 triệu v&agrave; v&iacute; 20 triệu&quot;.</p>\r\n\r\n<p><a href=\"http://media.tinmoi.vn/2018/07/10/untitled-15311921698252049336616.png\" title=\"Áo 10 triệu, giày 25 triệu, túi 60 triệu... con nhà giàu Việt khoe đồ hiệu gây sốc - ảnh 12\"><img alt=\"Áo 10 triệu, giày 25 triệu, túi 60 triệu... các bạn trẻ Việt khoe đồ hiệu gây choáng váng - Ảnh 13.\" height=\"\" src=\"http://media.tinmoi.vn/2018/07/10/untitled-15311921698252049336616.png\" title=\"Áo 10 triệu, giày 25 triệu, túi 60 triệu... con nhà giàu Việt khoe đồ hiệu gây sốc - ảnh 12\" width=\"\" /></a></p>\r\n\r\n<p>&quot;&Aacute;o em mua 6 triệu, quần chỉ mấy trăm th&ocirc;i, gi&agrave;y 17 triệu v&agrave; v&iacute; 15 triệu&quot;.</p>\r\n\r\n<p><a href=\"http://media.tinmoi.vn/2018/07/10/untitled-1531192233805345541857.png\" title=\"Áo 10 triệu, giày 25 triệu, túi 60 triệu... con nhà giàu Việt khoe đồ hiệu gây sốc - ảnh 13\"><img alt=\"Áo 10 triệu, giày 25 triệu, túi 60 triệu... các bạn trẻ Việt khoe đồ hiệu gây choáng váng - Ảnh 14.\" height=\"\" src=\"http://media.tinmoi.vn/2018/07/10/untitled-1531192233805345541857.png\" title=\"Áo 10 triệu, giày 25 triệu, túi 60 triệu... con nhà giàu Việt khoe đồ hiệu gây sốc - ảnh 13\" width=\"\" /></a></p>\r\n\r\n<p>Tất cả trở n&ecirc;n thật s&agrave;nh điệu khi c&oacute; một đ&ocirc;i gi&agrave;y Balenciaga.</p>\r\n\r\n<p>Sneaker Fest 2018 l&agrave; sự kiện thường ni&ecirc;n lấy chủ đề ch&iacute;nh về nền văn h&oacute;a s&aacute;t mặt đất mang t&ecirc;n shoe game - b&ecirc;n cạnh đ&oacute; cũng l&agrave; nơi c&aacute;c bạn trẻ c&ugrave;ng khoe street-style độc đ&aacute;o. Sự kiện được tổ chức lần đầu ti&ecirc;n v&agrave;o năm 2014.</p>\r\n\r\n<p>V&igrave; đ&acirc;y l&agrave; lễ hội gi&agrave;y, phần lớn c&aacute;c bạn trẻ đều diện những đ&ocirc;i gi&agrave;y c&oacute; gi&aacute; đắt đỏ. Đ&ocirc;i gi&agrave;y được bạn nam &quot;th&eacute;t gi&aacute;&quot; 44 triệu đồng một lần nữa khiến cộng đồng mạng bất ngờ.</p>\r\n\r\n<p>Sau khi clip n&agrave;y được đăng tải,&nbsp;cộng đồng mạng xuất hiện nhiều &yacute; kiến tr&aacute;i chiều. Nhiều người cho rằng, đ&acirc;y l&agrave; sự kiện của c&aacute;nh con nh&agrave; gi&agrave;u khoe của; Giới trẻ ng&agrave;y nay đua đ&ograve;i thoải m&aacute;i x&agrave;i tiền của bố mẹ m&agrave; kh&ocirc;ng tiếc tay; C&oacute; mấy c&aacute;i &aacute;o kho&aacute;c nh&igrave;n như dẻ lau m&agrave; 7triệu...</p>\r\n\r\n<p>Trong khi đ&oacute;, một số người cho rằng, mặc g&igrave; cũng được, đắt rẻ kh&ocirc;ng quan trọng m&agrave; vấn đề l&agrave; phải ph&ugrave; hợp với thuần phong mỹ tục th&igrave; đi đ&acirc;u cũng được t&ocirc;n trọng.</p>\r\n\r\n<p>T&agrave;i khoản H.P.H. chia sẻ:&nbsp;<em>&quot;Nếu l&agrave; cậu ấm c&ocirc; chi&ecirc;u th&igrave; do kiếp trước c&aacute;c em ấy ăn ở tốt, ti&ecirc;u tiền cũng l&agrave; c&aacute;ch gi&uacute;p bố mẹ c&acirc;n bằng cuộc sống. Thực sự th&igrave; 60% c&aacute;c bạn teen c&oacute; thể kiếm được nhiều tiền từ online, n&ecirc;n việc c&aacute;c bạn tự thưởng những m&oacute;n đồ m&igrave;nh th&iacute;ch giống như người lớn mua xe hơi nh&agrave; lầu th&ocirc;i. Người lớn n&ecirc;n học hỏi c&aacute;ch tận hưởng thay v&igrave; g&oacute;i gh&eacute;m. Thay v&igrave; chỉ tr&iacute;ch bọn nhỏ phung ph&iacute;, sao kh&ocirc;ng nghĩ m&igrave;nh gi&agrave; rồi muốn ph&iacute; một lần cũng kh&ocirc;ng được?&quot;.</em></p>\r\n\r\n<p><strong>Đức Ho&agrave;</strong>&nbsp;<em>(tổng hợp)</em></p>\r\n\r\n<p>Nguồn : Tinnhanhonline.vn</p>\r\n', 2, 'screen-shot-2018-07-09-at-113101-ch-1531153975007810852563-1531190799988759403663.png', 10),
(13, 'Nhìn lại toàn cảnh vụ 50 triệu người dùng Facebook bị hack', 'nhin-lai-toan-canh-vu-50-trieu-nguoi-dung-facebook-bi-hack', '<p><strong>Facebook đang hứng chịu l&agrave;n s&oacute;ng chỉ tr&iacute;ch tr&ecirc;n mạng x&atilde; hội, đồng thời đối mặt với c&aacute;c vụ kiện tụng v&agrave; &aacute;n phạt.</strong></p>\r\n\r\n<p><img height=\"70\" src=\"http://new-cdn.blueseed.tv/img/2018/11/MyKolor_Logo.jpg\" width=\"70\" /><strong>Khuyến m&atilde;i lớn từ Mykolor</strong></p>\r\n\r\n<p>C&ugrave;ng Mykolor h&agrave;o hứng với ngoại hạng Anh tại London</p>\r\n\r\n<p>ADS BY BLUESEED<ins><ins><ins><iframe frameborder=\"0\" height=\"170\" id=\"aswift_0\" name=\"aswift_0\" scrolling=\"no\" width=\"680\"></iframe></ins></ins></ins></p>\r\n\r\n<p><a href=\"http://media.tinmoi.vn/2018/10/02/1-15384080011661518171430.jpg\" title=\"Nhìn lại toàn cảnh vụ 50 triệu người dùng Facebook bị hack - ảnh 1\"><img alt=\"Toàn cảnh vụ 50 Triệu Người Dùng Facebook Bị Hack - Ảnh 1.\" height=\"\" src=\"http://media.tinmoi.vn/2018/10/02/1-15384080011661518171430.jpg\" title=\"Nhìn lại toàn cảnh vụ 50 triệu người dùng Facebook bị hack - ảnh 1\" width=\"\" /></a></p>\r\n\r\n<p>&nbsp;</p>\r\n\r\n<hr />\r\n<p><a href=\"http://media.tinmoi.vn/2018/10/02/2-1538408001169894810249.jpg\" title=\"Nhìn lại toàn cảnh vụ 50 triệu người dùng Facebook bị hack - ảnh 2\"><img alt=\"2\" src=\"http://media.tinmoi.vn/2018/10/02/2-1538408001169894810249.jpg\" title=\"Nhìn lại toàn cảnh vụ 50 triệu người dùng Facebook bị hack - ảnh 2\" /></a></p>\r\n\r\n<hr />\r\n<p><a href=\"http://media.tinmoi.vn/2018/10/02/3-15384080011761502085009.jpg\" title=\"Nhìn lại toàn cảnh vụ 50 triệu người dùng Facebook bị hack - ảnh 3\"><img alt=\"3\" src=\"http://media.tinmoi.vn/2018/10/02/3-15384080011761502085009.jpg\" title=\"Nhìn lại toàn cảnh vụ 50 triệu người dùng Facebook bị hack - ảnh 3\" /></a></p>\r\n\r\n<hr />\r\n<p>&nbsp;</p>\r\n\r\n<p>&nbsp;</p>\r\n\r\n<p>&nbsp;</p>\r\n\r\n<p>&nbsp;</p>\r\n\r\n<p><a href=\"http://media.tinmoi.vn/2018/10/02/4-15384080011811797525179.jpg\" title=\"Nhìn lại toàn cảnh vụ 50 triệu người dùng Facebook bị hack - ảnh 4\"><img alt=\"4\" src=\"http://media.tinmoi.vn/2018/10/02/4-15384080011811797525179.jpg\" title=\"Nhìn lại toàn cảnh vụ 50 triệu người dùng Facebook bị hack - ảnh 4\" /></a></p>\r\n\r\n<hr />\r\n<p><a href=\"http://media.tinmoi.vn/2018/10/02/5-15384080011891461023192.jpg\" title=\"Nhìn lại toàn cảnh vụ 50 triệu người dùng Facebook bị hack - ảnh 5\"><img alt=\"5\" src=\"http://media.tinmoi.vn/2018/10/02/5-15384080011891461023192.jpg\" title=\"Nhìn lại toàn cảnh vụ 50 triệu người dùng Facebook bị hack - ảnh 5\" /></a></p>\r\n\r\n<hr />\r\n<p><a href=\"http://media.tinmoi.vn/2018/10/02/6-1538408001195230485923.jpg\" title=\"Nhìn lại toàn cảnh vụ 50 triệu người dùng Facebook bị hack - ảnh 6\"><img alt=\"6\" src=\"http://media.tinmoi.vn/2018/10/02/6-1538408001195230485923.jpg\" title=\"Nhìn lại toàn cảnh vụ 50 triệu người dùng Facebook bị hack - ảnh 6\" /></a></p>\r\n\r\n<p><strong>Ho&agrave;ng Anh</strong></p>\r\n\r\n<p>Nguồn : K&ecirc;nh 14/Tri thức trẻ</p>\r\n', 1, '6-1538408001195230485923.jpg', 10),
(14, 'iPhone 5 vừa chính thức \"chết\": Bị Apple đưa vào hạng đồ cổ, ngừng hỗ trợ sửa chữa và thay thế', 'iphone-5-vua-chinh-thuc-chet-bi-apple-dua-vao-hang-do-co-ngung-ho-tro-sua-chua-va-thay-the', '<p><strong>iPhone 5 ch&iacute;nh thức kết th&uacute;c v&ograve;ng đời của m&igrave;nh.</strong></p>\r\n\r\n<p><img height=\"70\" src=\"http://new-cdn.blueseed.tv/img/2018/11/MyKolor_Logo.jpg\" width=\"70\" /><strong>Khuyến m&atilde;i lớn từ Mykolor</strong></p>\r\n\r\n<p>C&ugrave;ng Mykolor h&agrave;o hứng với ngoại hạng Anh tại London</p>\r\n\r\n<p>ADS BY BLUESEED<ins><ins><ins><iframe frameborder=\"0\" height=\"170\" id=\"aswift_0\" name=\"aswift_0\" scrolling=\"no\" width=\"680\"></iframe></ins></ins></ins></p>\r\n\r\n<table cellpadding=\"0\" cellspacing=\"0\">\r\n	<tbody>\r\n		<tr>\r\n			<td><a href=\"http://media.tinmoi.vn/2018/11/02/iphone-5-vua-chinh-thuc-chet-bi-apple-dua-vao-hang-do-co-ngung-ho-tro-sua-chua-va-thay-the.jpg\" title=\"iPhone 5 vừa chính thức chết: Bị Apple đưa vào hạng đồ cổ, ngừng hỗ trợ sửa chữa và thay thế - ảnh 1\"><img alt=\"Hình ảnh iPhone 5 vừa chính thức chết: Bị Apple đưa vào hạng đồ cổ, ngừng hỗ trợ sửa chữa và thay thế số 1\" src=\"http://media.tinmoi.vn/2018/11/02/iphone-5-vua-chinh-thuc-chet-bi-apple-dua-vao-hang-do-co-ngung-ho-tro-sua-chua-va-thay-the.jpg\" title=\"iPhone 5 vừa chính thức chết: Bị Apple đưa vào hạng đồ cổ, ngừng hỗ trợ sửa chữa và thay thế - ảnh 1\" /></a></td>\r\n		</tr>\r\n		<tr>\r\n			<td>&nbsp;</td>\r\n		</tr>\r\n	</tbody>\r\n</table>\r\n\r\n<p>Ra mắt v&agrave;o năm 2012, iPhone 5 l&agrave; một trong những chiếc iPhone c&oacute; thay đổi ấn tượng nhất trong lịch sử của Apple. Tuy nhi&ecirc;n đ&atilde; 6 năm tr&ocirc;i qua, cuối c&ugrave;ng cũng đến l&uacute;c iPhone 5 bị xếp v&agrave;o danh s&aacute;ch những m&oacute;n &ldquo;đồ cổ&rdquo; của Apple.</p>\r\n\r\n<p>&nbsp;</p>\r\n\r\n<p>&nbsp;</p>\r\n\r\n<p>&nbsp;</p>\r\n\r\n<p>&nbsp;</p>\r\n\r\n<p>Apple vẫn thường hỗ trợ sửa chữa v&agrave; cung cấp linh kiện thay thế cho c&aacute;c thiết bị của m&igrave;nh, &iacute;t nhất l&agrave; 5 năm sau khi b&aacute;n ra. Danh s&aacute;ch c&aacute;c thiết bị cổ v&agrave; lỗi thời của Apple vừa mới cập nhật th&ecirc;m iPhone 5, điều đ&oacute; đồng nghĩa với việc Apple đ&atilde; ngừng hỗ trợ sửa chữa v&agrave; thay thế linh kiện cho chiếc iPhone n&agrave;y.</p>\r\n\r\n<p>Trong danh s&aacute;ch mới của Apple, iPhone 5 được th&ecirc;m v&agrave;o l&agrave; thiết bị &ldquo;obsolete&rdquo; (lỗi thời) tại c&aacute;c quốc gia tr&ecirc;n thế giới ngoại trừ Mỹ. Tại Mỹ, iPhone 5 được th&ecirc;m v&agrave;o danh s&aacute;ch c&aacute;c thiết bị &ldquo;vintage&rdquo; (đồ cổ) theo c&aacute;c quy định ban h&agrave;nh trước đ&acirc;y.</p>\r\n\r\n<p>iPhone 5 đ&atilde; từng l&agrave; một cột mốc quan trọng trong lịch sử ph&aacute;t triển của Apple. Đ&acirc;y l&agrave; chiếc iPhone đầu ti&ecirc;n c&oacute; m&agrave;n h&igrave;nh 4 inch, to hơn m&agrave;n h&igrave;nh 3,5 inch của iPhone 3 v&agrave; 4. Thiết kế của iPhone 5 cũng rất ấn tượng, được sử dụng cho chiếc iPhone SE sau n&agrave;y.</p>\r\n\r\n<p><em><strong>Tham khảo: 9to5mac</strong></em></p>\r\n\r\n<p><strong>TVD</strong></p>\r\n\r\n<p>Nguồn : Soha/Tr&iacute; thức trẻ</p>\r\n', 1, 'iphone-5-vua-chinh-thuc-chet-bi-apple-dua-vao-hang-do-co-ngung-ho-tro-sua-chua-va-thay-the.jpg', 10),
(15, 'Hướng Dẫn', 'huong-dan', '<h2>Hướng Dẫn Mua Hàng</h2>\r\n\r\n\r\nQuý khách có thể đặt hàng thông qua 4 bước đặt hàng cơ bản. </br>\r\n\r\nVui lòng tham khảo thông tin chi tiết về từng bước đặt hàng như sau: </br>\r\n\r\n1. Tìm kiếm sản phẩm</br>\r\n\r\nQúy khách có thể tìm sản phẩm 3 cách: </br>\r\n\r\na. Gõ tên sản phẩm vào thanh tìm kiếm</br>\r\n\r\nb. Tìm theo danh mục</br>\r\n\r\n2. Thêm sản phẩm vào giỏ hàng</br>\r\n\r\nKhi đã tìm được sản phẩm mong muốn, quý khách vui lòng bấm vào hình hoặc tên sản phẩm để vào được trang thông tin chi tiết của sản phẩm, sau đó:</br>\r\n\r\na. Kiểm tra thông tin sản phẩm: giá, thông tin khuyến mãi. </br>\r\n\r\nb. Thêm sản phẩm vào giỏ hàng.</br>\r\n\r\n3. Kiểm tra giỏ hàng và đặt hàng</br>\r\n\r\na. Chọn \"Tiếp tục mua sắm\" hoặc click vào logo MyShop để trở về trang chủ</br>\r\n\r\nb. Thêm sản phẩm vào giỏ hàng như ở Bước 2.</br>\r\n\r\n*Quá trình này có thể lặp lại cho đến khi quý khách hoàn tất việc bỏ tất cả các sản phẩm cần đặt mua vào giỏ hàng. </br>\r\n\r\nSau khi quý khách đã có đủ sản phẩm cần đặt trong giỏ hàng, và tiếp tục các bước sau để đặt hàng:</br>\r\n\r\nc. Điều chỉnh số lượng và cập nhật giỏ hàng</br>\r\n\r\nd. Bấm \"Thanh Toán\" để bắt đầu đặt hàng. </br>\r\n\r\n4. Điền địa chỉ giao hàng ', 3, 'logoweb.png', 50);


CREATE TABLE `transaction` (
  `id` int(10) NOT NULL,
  `amount` int(11) DEFAULT NULL,
  `users_id` int(11) DEFAULT NULL,
  `status` tinyint(4) DEFAULT '1',
  `note` varchar(500) DEFAULT NULL,
  `created_at` timestamp NULL DEFAULT NULL,
  `updated_at` timestamp NULL DEFAULT NULL ON UPDATE CURRENT_TIMESTAMP,
  `phone` char(30) DEFAULT NULL,
  `vname` varchar(30) DEFAULT NULL,
  `address` varchar(100) DEFAULT NULL
) ENGINE=InnoDB DEFAULT CHARSET=utf8;


INSERT INTO `transaction` (`id`, `amount`, `users_id`, `status`, `note`, `created_at`, `updated_at`, `phone`, `vname`, `address`) VALUES
(8, 346500, NULL, 1, 'Giao hàng tận nơi', NULL, NULL, '0965478234', 'Tran Ngoc Thao', 'TPHCM'),
(9, 5588000, NULL, 1, 'Giao hàng tận nơi', NULL, NULL, '0965478234', 'Tran Ngoc Thao', 'TPHCM'),
(10, 786500, NULL, 1, 'ok', NULL, NULL, '0928635648', 'Nguyễn Thị An', 'Đồng Nai'),
(11, 495000, NULL, 1, 'ok', NULL, NULL, '0928654258', 'Nguyen Thi Anh', 'TPHCM'),
(12, 330000, NULL, 1, 'Giao hàng tận nơi', NULL, NULL, '0928654258', 'Nguyen Thi Anh', 'TPHCM');


CREATE TABLE `users` (
  `id` int(11) NOT NULL,
  `name` varchar(100) DEFAULT NULL,
  `email` varchar(100) DEFAULT NULL,
  `phone` char(15) DEFAULT NULL,
  `address` varchar(100) DEFAULT NULL,
  `password` varchar(50) DEFAULT NULL,
  `avatar` varchar(100) DEFAULT NULL,
  `status` tinyint(4) DEFAULT '1',
  `token` varchar(50) DEFAULT NULL,
  `created_at` timestamp NULL DEFAULT NULL,
  `updated_at` timestamp NULL DEFAULT NULL ON UPDATE CURRENT_TIMESTAMP
) ENGINE=InnoDB DEFAULT CHARSET=utf8;


INSERT INTO `users` (`id`, `name`, `email`, `phone`, `address`, `password`, `avatar`, `status`, `token`, `created_at`, `updated_at`) VALUES
(1, 'Tran Ngoc Thao', 'thao@gmail.com', '0965478234', 'TPHCM', '25d55ad283aa400af464c76d713c07ad', NULL, 1, NULL, NULL, '2019-05-19 07:03:31'),
(2, 'Nguyen Thi Anh', 'anhnt@gmail.com', '0928654258', 'TPHCM', '698d51a19d8a121ce581499d7b701668', NULL, 1, NULL, NULL, '2019-05-20 05:23:13'),
(3, 'Nguyễn Thị An', 'annt@gmail.com', '0928635648', 'Đồng Nai', '25d55ad283aa400af464c76d713c07ad', NULL, 1, NULL, NULL, '2019-05-20 10:14:13');


ALTER TABLE `admin`
  ADD PRIMARY KEY (`id`);


ALTER TABLE `category`
  ADD PRIMARY KEY (`id`);

ALTER TABLE `chuyenmuc`
  ADD PRIMARY KEY (`id`);

ALTER TABLE `orders`
  ADD PRIMARY KEY (`id`);

ALTER TABLE `product`
  ADD PRIMARY KEY (`id`);

ALTER TABLE `tintuc`
  ADD PRIMARY KEY (`id`);


ALTER TABLE `transaction`
  ADD PRIMARY KEY (`id`);

ALTER TABLE `users`
  ADD PRIMARY KEY (`id`);

ALTER TABLE `admin`
  MODIFY `id` int(11) NOT NULL AUTO_INCREMENT, AUTO_INCREMENT=3;


ALTER TABLE `category`
  MODIFY `id` int(11) NOT NULL AUTO_INCREMENT, AUTO_INCREMENT=8;

ALTER TABLE `chuyenmuc`
  MODIFY `id` int(20) NOT NULL AUTO_INCREMENT, AUTO_INCREMENT=4;

ALTER TABLE `orders`
  MODIFY `id` int(11) NOT NULL AUTO_INCREMENT, AUTO_INCREMENT=15;

ALTER TABLE `product`
  MODIFY `id` int(11) NOT NULL AUTO_INCREMENT, AUTO_INCREMENT=57;

ALTER TABLE `tintuc`
  MODIFY `id` int(100) NOT NULL AUTO_INCREMENT, AUTO_INCREMENT=16;

ALTER TABLE `transaction`
  MODIFY `id` int(10) NOT NULL AUTO_INCREMENT, AUTO_INCREMENT=13;

ALTER TABLE `users`
  MODIFY `id` int(11) NOT NULL AUTO_INCREMENT, AUTO_INCREMENT=4;
COMMIT;
